SITE_LAT,SITE_LON,coarse,americas_split,fine
38.5657,110.3252,East Asia,East Asia,East Asia
-15.8922,-69.8888,Americas,Am:Andes/S.Am,Am:Andes/S.Am
36.8638,39.0305,Middle East,Middle East,ME:west
38.5657,110.3252,East Asia,East Asia,East Asia
-15.2464,-73.7443,Americas,Am:Andes/S.Am,Am:Andes/S.Am
-13.613,-71.717,Americas,Am:Andes/S.Am,Am:Andes/S.Am
-13.5024,-76.045,Americas,Am:Andes/S.Am,Am:Andes/S.Am
-9.5028,-78.2226,Americas,Am:Andes/S.Am,Am:Andes/S.Am
-10.878,-77.5524,Americas,Am:Andes/S.Am,Am:Andes/S.Am
-9.2065,-78.3755,Americas,Am:Andes/S.Am,Am:Andes/S.Am
-10.89354,-77.52447,Americas,Am:Andes/S.Am,Am:Andes/S.Am
-10.89295,-77.52503,Americas,Am:Andes/S.Am,Am:Andes/S.Am
-11.9539,-77.1183,Americas,Am:Andes/S.Am,Am:Andes/S.Am
-7.129,-78.8462,Americas,Am:Andes/S.Am,Am:Andes/S.Am
-11.0584,-77.533,Americas,Am:Andes/S.Am,Am:Andes/S.Am
-13.5077,-71.9822,Americas,Am:Andes/S.Am,Am:Andes/S.Am
-11.9539,-77.118,Americas,Am:Andes/S.Am,Am:Andes/S.Am
-10.8807,-77.5408,Americas,Am:Andes/S.Am,Am:Andes/S.Am
-13.5024,-76.045,Americas,Am:Andes/S.Am,Am:Andes/S.Am
-9.7031,-78.2965,Americas,Am:Andes/S.Am,Am:Andes/S.Am
-10.8926,-77.5252,Americas,Am:Andes/S.Am,Am:Andes/S.Am
-10.8844,-77.5407,Americas,Am:Andes/S.Am,Am:Andes/S.Am
0.0546,-78.306,Americas,Am:Andes/S.Am,Am:Andes/S.Am
-13.5077,-71.9822,Americas,Am:Andes/S.Am,Am:Andes/S.Am
-12.1176,-75.2061,Americas,Am:Andes/S.Am,Am:Andes/S.Am
0.0546,-78.306,Americas,Am:Andes/S.Am,Am:Andes/S.Am
-10.8795,-77.5121,Americas,Am:Andes/S.Am,Am:Andes/S.Am
-9.5495,-78.2299,Americas,Am:Andes/S.Am,Am:Andes/S.Am
0.0546,-78.306,Americas,Am:Andes/S.Am,Am:Andes/S.Am
-10.9038,-77.378,Americas,Am:Andes/S.Am,Am:Andes/S.Am
-10.8758,-77.5506,Americas,Am:Andes/S.Am,Am:Andes/S.Am
-10.8828,-77.5399,Americas,Am:Andes/S.Am,Am:Andes/S.Am
-10.8912,-77.5186,Americas,Am:Andes/S.Am,Am:Andes/S.Am
-10.8805,-77.5156,Americas,Am:Andes/S.Am,Am:Andes/S.Am
0.0546,-78.306,Americas,Am:Andes/S.Am,Am:Andes/S.Am
0.0546,-78.306,Americas,Am:Andes/S.Am,Am:Andes/S.Am
-10.88905,-77.5256,Americas,Am:Andes/S.Am,Am:Andes/S.Am
-10.8903,-77.52403,Americas,Am:Andes/S.Am,Am:Andes/S.Am
-10.89091,-77.52333,Americas,Am:Andes/S.Am,Am:Andes/S.Am
-10.89305,-77.5224,Americas,Am:Andes/S.Am,Am:Andes/S.Am
-10.89292,-77.52187,Americas,Am:Andes/S.Am,Am:Andes/S.Am
-13.4142,-71.8439,Americas,Am:Andes/S.Am,Am:Andes/S.Am
-10.8886,-77.5256,Americas,Am:Andes/S.Am,Am:Andes/S.Am
-10.88264,-77.53849,Americas,Am:Andes/S.Am,Am:Andes/S.Am
-10.889,-77.52685,Americas,Am:Andes/S.Am,Am:Andes/S.Am
-9.56,-78.2284,Americas,Am:Andes/S.Am,Am:Andes/S.Am
-11.0248,-77.6323,Americas,Am:Andes/S.Am,Am:Andes/S.Am
0.0546,-78.306,Americas,Am:Andes/S.Am,Am:Andes/S.Am
-10.88205,-77.53885,Americas,Am:Andes/S.Am,Am:Andes/S.Am
-10.89475,-77.5118,Americas,Am:Andes/S.Am,Am:Andes/S.Am
34.6237,108.4989,East Asia,East Asia,East Asia
-10.8888,-77.5261,Americas,Am:Andes/S.Am,Am:Andes/S.Am
-10.89198,-77.52343,Americas,Am:Andes/S.Am,Am:Andes/S.Am
-10.8946,-77.5225,Americas,Am:Andes/S.Am,Am:Andes/S.Am
-13.5024,-76.045,Americas,Am:Andes/S.Am,Am:Andes/S.Am
0.0546,-78.306,Americas,Am:Andes/S.Am,Am:Andes/S.Am
-10.88362,-77.53823,Americas,Am:Andes/S.Am,Am:Andes/S.Am
-10.8895,-77.5248,Americas,Am:Andes/S.Am,Am:Andes/S.Am
34.6929,72.2496,South Asia,South Asia,South Asia
-10.89415,-77.52395,Americas,Am:Andes/S.Am,Am:Andes/S.Am
-10.8943,-77.52377,Americas,Am:Andes/S.Am,Am:Andes/S.Am
-10.8911,-77.5203,Americas,Am:Andes/S.Am,Am:Andes/S.Am
-9.701,-78.2964,Americas,Am:Andes/S.Am,Am:Andes/S.Am
-14.1743,-71.3702,Americas,Am:Andes/S.Am,Am:Andes/S.Am
-14.1752,-71.3692,Americas,Am:Andes/S.Am,Am:Andes/S.Am
-10.8922,-77.5184,Americas,Am:Andes/S.Am,Am:Andes/S.Am
0.0546,-78.306,Americas,Am:Andes/S.Am,Am:Andes/S.Am
21.1864,94.8905,South Asia,South Asia,South Asia
-10.88342,-77.54085,Americas,Am:Andes/S.Am,Am:Andes/S.Am
-10.8799,-77.5158,Americas,Am:Andes/S.Am,Am:Andes/S.Am
-6.5152,-79.8443,Americas,Am:Andes/S.Am,Am:Andes/S.Am
0.0546,-78.306,Americas,Am:Andes/S.Am,Am:Andes/S.Am
-8.132,-78.995,Americas,Am:Andes/S.Am,Am:Andes/S.Am
-8.1345,-78.99,Americas,Am:Andes/S.Am,Am:Andes/S.Am
21.1836,94.8757,South Asia,South Asia,South Asia
-10.8755,-77.5523,Americas,Am:Andes/S.Am,Am:Andes/S.Am
-10.89263,-77.52963,Americas,Am:Andes/S.Am,Am:Andes/S.Am
-10.88978,-77.52511,Americas,Am:Andes/S.Am,Am:Andes/S.Am
-10.88925,-77.5242,Americas,Am:Andes/S.Am,Am:Andes/S.Am
37.1678,69.4083,South Asia,South Asia,South Asia
-10.8905,-77.5216,Americas,Am:Andes/S.Am,Am:Andes/S.Am
-10.8918,-77.5203,Americas,Am:Andes/S.Am,Am:Andes/S.Am
-10.89303,-77.51848,Americas,Am:Andes/S.Am,Am:Andes/S.Am
-9.5629,-78.226,Americas,Am:Andes/S.Am,Am:Andes/S.Am
-14.1728,-71.369,Americas,Am:Andes/S.Am,Am:Andes/S.Am
16.141,-92.1064,Americas,Am:Mesoamerica,Am:Mesoamerica
16.1419,-92.1056,Americas,Am:Mesoamerica,Am:Mesoamerica
15.3343,-91.4931,Americas,Am:Mesoamerica,Am:Mesoamerica
30.6516,61.4016,South Asia,South Asia,South Asia
16.9001,-90.9675,Americas,Am:Mesoamerica,Am:Mesoamerica
13.1925,104.9008,Oceania/SE Asia,Oceania/SE Asia,Oceania/SE Asia
20.1712,-89.5789,Americas,Am:Mesoamerica,Am:Mesoamerica
-10.8558,-77.5734,Americas,Am:Andes/S.Am,Am:Andes/S.Am
-10.8705,-77.5297,Americas,Am:Andes/S.Am,Am:Andes/S.Am
-10.8896,-77.52355,Americas,Am:Andes/S.Am,Am:Andes/S.Am
-10.89095,-77.52063,Americas,Am:Andes/S.Am,Am:Andes/S.Am
-10.89221,-77.51908,Americas,Am:Andes/S.Am,Am:Andes/S.Am
20.323,-87.3702,Americas,Am:Mesoamerica,Am:Mesoamerica
14.8742,-90.6628,Americas,Am:Mesoamerica,Am:Mesoamerica
-23.586,-65.404,Americas,Am:Andes/S.Am,Am:Andes/S.Am
-10.8887,-77.5272,Americas,Am:Andes/S.Am,Am:Andes/S.Am
-10.88985,-77.5228,Americas,Am:Andes/S.Am,Am:Andes/S.Am
16.1414,-92.1053,Americas,Am:Mesoamerica,Am:Mesoamerica
31.9063,65.498,South Asia,South Asia,South Asia
-9.5647,-78.2262,Americas,Am:Andes/S.Am,Am:Andes/S.Am
17.7695,-88.6498,Americas,Am:Mesoamerica,Am:Mesoamerica
19.3296,-98.8897,Americas,Am:Mesoamerica,Am:Mesoamerica
0.0546,-78.306,Americas,Am:Andes/S.Am,Am:Andes/S.Am
-10.89125,-77.53235,Americas,Am:Andes/S.Am,Am:Andes/S.Am
-10.8935,-77.5204,Americas,Am:Andes/S.Am,Am:Andes/S.Am
21.1823,94.878,South Asia,South Asia,South Asia
19.0295,-96.156,Americas,Am:Mesoamerica,Am:Mesoamerica
32.009,48.5215,Middle East,Middle East,ME:east
18.2174,-88.5847,Americas,Am:Mesoamerica,Am:Mesoamerica
-8.1165,-79.0765,Americas,Am:Andes/S.Am,Am:Andes/S.Am
16.1415,-92.1047,Americas,Am:Mesoamerica,Am:Mesoamerica
43.5172,67.7708,Other,Other,Other
-14.1757,-71.3706,Americas,Am:Andes/S.Am,Am:Andes/S.Am
14.7358,-90.9962,Americas,Am:Mesoamerica,Am:Mesoamerica
-10.8901,-77.5225,Americas,Am:Andes/S.Am,Am:Andes/S.Am
-10.8935,-77.5194,Americas,Am:Andes/S.Am,Am:Andes/S.Am
18.5381,31.823,Middle East,Middle East,ME:west
25.728,32.61,Middle East,Middle East,ME:west
20.4495,-97.3772,Americas,Am:Mesoamerica,Am:Mesoamerica
-11.9531,-77.11865,Americas,Am:Andes/S.Am,Am:Andes/S.Am
26.1864,31.9163,Middle East,Middle East,ME:west
32.3918,44.3413,Middle East,Middle East,ME:west
22.4588,-102.8226,Americas,Am:Mesoamerica,Am:Mesoamerica
26.53,31.63,Middle East,Middle East,ME:west
15.3336,-91.4934,Americas,Am:Mesoamerica,Am:Mesoamerica
25.7005,32.6399,Middle East,Middle East,ME:west
19.624,-101.574,Americas,Am:Mesoamerica,Am:Mesoamerica
19.5539,-97.4892,Americas,Am:Mesoamerica,Am:Mesoamerica
43.5177,67.7703,Other,Other,Other
20.496,-87.7205,Americas,Am:Mesoamerica,Am:Mesoamerica
15.8284,-91.8834,Americas,Am:Mesoamerica,Am:Mesoamerica
35.37,44.255,Middle East,Middle East,ME:west
29.9795,52.9092,Middle East,Middle East,ME:east
20.4496,-97.3751,Americas,Am:Mesoamerica,Am:Mesoamerica
16.8989,-90.9642,Americas,Am:Mesoamerica,Am:Mesoamerica
34.423,108.841,East Asia,East Asia,East Asia
31.322,45.636,Middle East,Middle East,ME:east
15.3342,-91.4927,Americas,Am:Mesoamerica,Am:Mesoamerica
-13.393,-72.874,Americas,Am:Andes/S.Am,Am:Andes/S.Am
32.0089,48.5203,Middle East,Middle East,ME:east
21.1605,-99.3959,Americas,Am:Mesoamerica,Am:Mesoamerica
19.028,-96.154,Americas,Am:Mesoamerica,Am:Mesoamerica
20.4498,-97.3772,Americas,Am:Mesoamerica,Am:Mesoamerica
-10.89344,-77.52155,Americas,Am:Andes/S.Am,Am:Andes/S.Am
30.2048,53.1801,Middle East,Middle East,ME:east
2.444,-76.6,Americas,Am:Andes/S.Am,Am:Andes/S.Am
25.7195,32.601,Middle East,Middle East,ME:west
33.0602,44.2512,Middle East,Middle East,ME:west
20.3196,-87.3669,Americas,Am:Mesoamerica,Am:Mesoamerica
33.2527,35.7147,Middle East,Middle East,ME:west
15.3334,-91.4938,Americas,Am:Mesoamerica,Am:Mesoamerica
16.3952,-90.2044,Americas,Am:Mesoamerica,Am:Mesoamerica
-8.1346,-78.9924,Americas,Am:Andes/S.Am,Am:Andes/S.Am
34.5504,38.2675,Middle East,Middle East,ME:west
28.6502,-17.7625,Africa,Africa,Africa
34.4234,108.8366,East Asia,East Asia,East Asia
34.435,108.877,East Asia,East Asia,East Asia
-10.8935,-77.5145,Americas,Am:Andes/S.Am,Am:Andes/S.Am
33.124,45.931,Middle East,Middle East,ME:east
16.1419,-92.1063,Americas,Am:Mesoamerica,Am:Mesoamerica
34.3798,108.7045,East Asia,East Asia,East Asia
19.6695,-96.4155,Americas,Am:Mesoamerica,Am:Mesoamerica
24.0845,32.8862,Middle East,Middle East,ME:west
30.1996,53.178,Middle East,Middle East,ME:east
15.3336,-91.493,Americas,Am:Mesoamerica,Am:Mesoamerica
20.4933,-87.7217,Americas,Am:Mesoamerica,Am:Mesoamerica
35.4586,43.2586,Middle East,Middle East,ME:west
-6.993,107.056,Oceania/SE Asia,Oceania/SE Asia,Oceania/SE Asia
-6.5148,-79.8457,Americas,Am:Andes/S.Am,Am:Andes/S.Am
15.8282,-91.884,Americas,Am:Mesoamerica,Am:Mesoamerica
-10.8914,-77.5324,Americas,Am:Andes/S.Am,Am:Andes/S.Am
40.1124,44.7303,Middle East,Middle East,ME:west
16.704,-91.065,Americas,Am:Mesoamerica,Am:Mesoamerica
21.1786,94.8793,South Asia,South Asia,South Asia
16.1403,-92.1067,Americas,Am:Mesoamerica,Am:Mesoamerica
-11.023,-77.6345,Americas,Am:Andes/S.Am,Am:Andes/S.Am
28.6502,-17.7625,Africa,Africa,Africa
32.0095,48.521,Middle East,Middle East,ME:east
-8.1145,-79.0725,Americas,Am:Andes/S.Am,Am:Andes/S.Am
22.7931,32.5454,Middle East,Middle East,ME:west
32.3923,44.3423,Middle East,Middle East,ME:west
19.5529,-97.4916,Americas,Am:Mesoamerica,Am:Mesoamerica
31.1951,30.7385,Middle East,Middle East,ME:west
30.2027,53.1779,Middle East,Middle East,ME:east
34.434,108.881,East Asia,East Asia,East Asia
15.3338,-91.4926,Americas,Am:Mesoamerica,Am:Mesoamerica
36.4595,36.852,Middle East,Middle East,ME:west
34.428,108.851,East Asia,East Asia,East Asia
34.428,108.853,East Asia,East Asia,East Asia
34.628,112.383,East Asia,East Asia,East Asia
24.0845,32.8861,Middle East,Middle East,ME:west
31.5624,46.1768,Middle East,Middle East,ME:east
20.4503,-97.3774,Americas,Am:Mesoamerica,Am:Mesoamerica
30.794,34.7752,Middle East,Middle East,ME:west
31.62,45.9342,Middle East,Middle East,ME:east
29.381,67.6165,South Asia,South Asia,South Asia
18.4147,-88.7915,Americas,Am:Mesoamerica,Am:Mesoamerica
29.7798,51.5761,Middle East,Middle East,ME:east
14.8745,-90.663,Americas,Am:Mesoamerica,Am:Mesoamerica
13.8006,-89.3892,Americas,Am:Mesoamerica,Am:Mesoamerica
19.8136,-98.5566,Americas,Am:Mesoamerica,Am:Mesoamerica
31.6267,-91.8183,Americas,Am:N.America,Am:N.America
20.2153,-87.4293,Americas,Am:Mesoamerica,Am:Mesoamerica
18.2247,30.7456,Middle East,Middle East,ME:west
36.5231,34.1233,Middle East,Middle East,ME:west
36.5217,34.1255,Middle East,Middle East,ME:west
36.5217,34.1255,Middle East,Middle East,ME:west
43.5177,67.7698,Other,Other,Other
18.5353,31.8297,Middle East,Middle East,ME:west
39.495,35.3766,Middle East,Middle East,ME:west
35.671,36.5691,Middle East,Middle East,ME:west
32.5403,44.6047,Middle East,Middle East,ME:west
-6.4722,-79.7907,Americas,Am:Andes/S.Am,Am:Andes/S.Am
26.1578,31.9664,Middle East,Middle East,ME:west
37.0804,-8.1202,Europe-Med,Europe-Med,Med:south
17.4841,-92.0462,Americas,Am:Mesoamerica,Am:Mesoamerica
20.4485,-97.3772,Americas,Am:Mesoamerica,Am:Mesoamerica
34.0754,-5.5535,Europe-Med,Europe-Med,Med:south
21.091,-89.59,Americas,Am:Mesoamerica,Am:Mesoamerica
16.3952,-90.2044,Americas,Am:Mesoamerica,Am:Mesoamerica
20.4483,-97.3777,Americas,Am:Mesoamerica,Am:Mesoamerica
33.3537,44.2023,Middle East,Middle East,ME:west
30.9617,46.1051,Middle East,Middle East,ME:east
30.1996,53.1789,Middle East,Middle East,ME:east
16.8998,-90.9645,Americas,Am:Mesoamerica,Am:Mesoamerica
20.3587,-89.7711,Americas,Am:Mesoamerica,Am:Mesoamerica
20.319,-87.3672,Americas,Am:Mesoamerica,Am:Mesoamerica
16.7027,-93.0041,Americas,Am:Mesoamerica,Am:Mesoamerica
-6.5115,-79.8396,Americas,Am:Andes/S.Am,Am:Andes/S.Am
17.7657,-88.6528,Americas,Am:Mesoamerica,Am:Mesoamerica
19.3294,-98.8921,Americas,Am:Mesoamerica,Am:Mesoamerica
16.3952,-90.2044,Americas,Am:Mesoamerica,Am:Mesoamerica
32.6357,14.2892,Europe-Med,Europe-Med,Med:south
39.369,-7.3865,Europe-Med,Europe-Med,Med:south
16.9002,-90.966,Americas,Am:Mesoamerica,Am:Mesoamerica
-8.1048,-79.045,Americas,Am:Andes/S.Am,Am:Andes/S.Am
-11.0233,-77.6338,Americas,Am:Andes/S.Am,Am:Andes/S.Am
14.633,-90.549,Americas,Am:Mesoamerica,Am:Mesoamerica
-8.106,-79.079,Americas,Am:Andes/S.Am,Am:Andes/S.Am
39.0554,43.357,Middle East,Middle East,ME:west
37.0807,-8.1208,Europe-Med,Europe-Med,Med:south
39.2034,29.6087,Europe-Med,Europe-Med,Med:south
13.8006,-89.3895,Americas,Am:Mesoamerica,Am:Mesoamerica
22.7312,32.2626,Middle East,Middle East,ME:west
34.625,112.375,East Asia,East Asia,East Asia
36.4222,9.2183,Europe-Med,Europe-Med,Med:south
14.9236,-92.1796,Americas,Am:Mesoamerica,Am:Mesoamerica
15.8272,-91.8841,Americas,Am:Mesoamerica,Am:Mesoamerica
31.6268,-91.8187,Americas,Am:N.America,Am:N.America
31.621,45.933,Middle East,Middle East,ME:east
-33.7181,143.0812,Oceania/SE Asia,Oceania/SE Asia,Oceania/SE Asia
-13.5024,-76.045,Americas,Am:Andes/S.Am,Am:Andes/S.Am
25.7188,32.6021,Middle East,Middle East,ME:west
40.0995,-8.4938,Europe-Med,Europe-Med,Eur:north
44.5928,33.8009,Middle East,Middle East,ME:west
33.1101,35.5309,Middle East,Middle East,ME:west
32.0098,48.5198,Middle East,Middle East,ME:east
21.1685,94.8584,South Asia,South Asia,South Asia
-8.0948,-79.067,Americas,Am:Andes/S.Am,Am:Andes/S.Am
-10.8805,-77.5148,Americas,Am:Andes/S.Am,Am:Andes/S.Am
32.2767,35.8902,Middle East,Middle East,ME:west
32.6392,14.2951,Europe-Med,Europe-Med,Med:south
7.8159,80.3116,South Asia,South Asia,South Asia
37.1101,25.3723,Europe-Med,Europe-Med,Med:south
18.5358,31.8242,Middle East,Middle East,ME:west
20.681,-88.57,Americas,Am:Mesoamerica,Am:Mesoamerica
16.703,-93.0037,Americas,Am:Mesoamerica,Am:Mesoamerica
33.484,44.728,Middle East,Middle East,ME:west
30.963,46.103,Middle East,Middle East,ME:east
21.1603,-99.3965,Americas,Am:Mesoamerica,Am:Mesoamerica
21.0915,-89.5967,Americas,Am:Mesoamerica,Am:Mesoamerica
40.1402,44.5384,Middle East,Middle East,ME:west
19.329,-98.8923,Americas,Am:Mesoamerica,Am:Mesoamerica
14.8707,-90.6661,Americas,Am:Mesoamerica,Am:Mesoamerica
29.9359,52.8926,Middle East,Middle East,ME:east
30.6521,61.401,South Asia,South Asia,South Asia
41.606,15.8836,Europe-Med,Europe-Med,Eur:north
21.1935,94.8951,South Asia,South Asia,South Asia
17.4841,-92.0462,Americas,Am:Mesoamerica,Am:Mesoamerica
20.2487,-89.647,Americas,Am:Mesoamerica,Am:Mesoamerica
-8.1104,-79.0747,Americas,Am:Andes/S.Am,Am:Andes/S.Am
19.0013,-88.2304,Americas,Am:Mesoamerica,Am:Mesoamerica
32.3252,35.7273,Middle East,Middle East,ME:west
14.9232,-92.1798,Americas,Am:Mesoamerica,Am:Mesoamerica
25.2934,32.5562,Middle East,Middle East,ME:west
15.8276,-91.8838,Americas,Am:Mesoamerica,Am:Mesoamerica
22.4582,-102.8218,Americas,Am:Mesoamerica,Am:Mesoamerica
-13.5024,-76.045,Americas,Am:Andes/S.Am,Am:Andes/S.Am
34.0741,-5.5549,Europe-Med,Europe-Med,Med:south
16.8988,-92.0097,Americas,Am:Mesoamerica,Am:Mesoamerica
45.3739,36.526,Other,Other,Other
37.9976,-7.9494,Europe-Med,Europe-Med,Med:south
20.5536,75.7012,South Asia,South Asia,South Asia
16.9578,-96.4496,Americas,Am:Mesoamerica,Am:Mesoamerica
20.2149,-87.4294,Americas,Am:Mesoamerica,Am:Mesoamerica
33.484,44.728,Middle East,Middle East,ME:west
32.637,14.2935,Europe-Med,Europe-Med,Med:south
19.2678,-103.7271,Americas,Am:Mesoamerica,Am:Mesoamerica
18.2779,-93.2003,Americas,Am:Mesoamerica,Am:Mesoamerica
36.3222,5.7351,Europe-Med,Europe-Med,Med:south
42.4112,11.2866,Europe-Med,Europe-Med,Eur:north
21.1831,94.8905,South Asia,South Asia,South Asia
38.0381,-3.6259,Europe-Med,Europe-Med,Med:south
42.1512,24.752,Europe-Med,Europe-Med,Eur:north
20.681,-88.57,Americas,Am:Mesoamerica,Am:Mesoamerica
-8.1134,-79.0769,Americas,Am:Andes/S.Am,Am:Andes/S.Am
-14.8193,-75.1162,Americas,Am:Andes/S.Am,Am:Andes/S.Am
32.7088,20.9541,Europe-Med,Europe-Med,Med:south
16.0039,-90.0439,Americas,Am:Mesoamerica,Am:Mesoamerica
20.1692,-89.3388,Americas,Am:Mesoamerica,Am:Mesoamerica
30.9566,31.5166,Middle East,Middle East,ME:west
16.9717,-96.492,Americas,Am:Mesoamerica,Am:Mesoamerica
16.9584,-96.4505,Americas,Am:Mesoamerica,Am:Mesoamerica
40.7483,14.4889,Europe-Med,Europe-Med,Eur:north
-10.8712,-77.5308,Americas,Am:Andes/S.Am,Am:Andes/S.Am
45.9147,22.8148,Europe-Med,Europe-Med,Eur:north
30.962,46.104,Middle East,Middle East,ME:east
13.783,104.5372,Oceania/SE Asia,Oceania/SE Asia,Oceania/SE Asia
14.9232,-92.18,Americas,Am:Mesoamerica,Am:Mesoamerica
40.0992,-8.4949,Europe-Med,Europe-Med,Eur:north
40.1663,-6.1008,Europe-Med,Europe-Med,Eur:north
-7.077,-79.684,Americas,Am:Andes/S.Am,Am:Andes/S.Am
18.1067,-89.8116,Americas,Am:Mesoamerica,Am:Mesoamerica
26.5547,31.6199,Middle East,Middle East,ME:west
-2.5398,-78.8749,Americas,Am:Andes/S.Am,Am:Andes/S.Am
38.4823,22.5013,Europe-Med,Europe-Med,Med:south
34.375,108.685,East Asia,East Asia,East Asia
37.385,27.2563,Europe-Med,Europe-Med,Med:south
-11.953,-77.1186,Americas,Am:Andes/S.Am,Am:Andes/S.Am
44.7057,8.8671,Europe-Med,Europe-Med,Eur:north
36.3871,10.1312,Europe-Med,Europe-Med,Med:south
16.8988,-92.0103,Americas,Am:Mesoamerica,Am:Mesoamerica
20.173,-89.579,Americas,Am:Mesoamerica,Am:Mesoamerica
17.7647,-88.6531,Americas,Am:Mesoamerica,Am:Mesoamerica
32.6382,14.292,Europe-Med,Europe-Med,Med:south
19.5521,-97.4897,Americas,Am:Mesoamerica,Am:Mesoamerica
19.5517,-97.4868,Americas,Am:Mesoamerica,Am:Mesoamerica
16.3952,-90.2044,Americas,Am:Mesoamerica,Am:Mesoamerica
-9.9311,-76.2796,Americas,Am:Andes/S.Am,Am:Andes/S.Am
35.1157,40.2663,Middle East,Middle East,ME:west
19.0008,-99.1014,Americas,Am:Mesoamerica,Am:Mesoamerica
35.4857,6.4637,Europe-Med,Europe-Med,Med:south
42.0031,12.0996,Europe-Med,Europe-Med,Eur:north
42.0799,13.4113,Europe-Med,Europe-Med,Eur:north
21.1659,94.8602,South Asia,South Asia,South Asia
19.269,-103.7252,Americas,Am:Mesoamerica,Am:Mesoamerica
-13.5091,-71.9828,Americas,Am:Andes/S.Am,Am:Andes/S.Am
-13.5077,-71.9822,Americas,Am:Andes/S.Am,Am:Andes/S.Am
18.2789,-93.2009,Americas,Am:Mesoamerica,Am:Mesoamerica
29.3838,67.616,South Asia,South Asia,South Asia
18.5603,-89.94535,Americas,Am:Mesoamerica,Am:Mesoamerica
24.0845,32.8861,Middle East,Middle East,ME:west
20.681,-88.57,Americas,Am:Mesoamerica,Am:Mesoamerica
41.123,75.7,Other,Other,Other
-9.594,-77.176,Americas,Am:Andes/S.Am,Am:Andes/S.Am
19.5957,-90.2306,Americas,Am:Mesoamerica,Am:Mesoamerica
20.3596,-89.7714,Americas,Am:Mesoamerica,Am:Mesoamerica
33.2527,35.7147,Middle East,Middle East,ME:west
19.0575,-98.3019,Americas,Am:Mesoamerica,Am:Mesoamerica
17.0036,-96.5566,Americas,Am:Mesoamerica,Am:Mesoamerica
21.092,-89.6006,Americas,Am:Mesoamerica,Am:Mesoamerica
18.6386,-88.7594,Americas,Am:Mesoamerica,Am:Mesoamerica
20.2146,-87.4289,Americas,Am:Mesoamerica,Am:Mesoamerica
37.925,29.1258,Europe-Med,Europe-Med,Med:south
30.7944,34.7735,Middle East,Middle East,ME:west
19.2929,-103.7054,Americas,Am:Mesoamerica,Am:Mesoamerica
19.5525,-99.1733,Americas,Am:Mesoamerica,Am:Mesoamerica
13.8025,-89.3875,Americas,Am:Mesoamerica,Am:Mesoamerica
-6.4521,-79.8024,Americas,Am:Andes/S.Am,Am:Andes/S.Am
37.655,62.1525,South Asia,South Asia,South Asia
18.278,-93.20058,Americas,Am:Mesoamerica,Am:Mesoamerica
38.1528,24.2635,Europe-Med,Europe-Med,Med:south
40.0194,34.6144,Middle East,Middle East,ME:west
32.3252,35.7273,Middle East,Middle East,ME:west
20.681,-88.57,Americas,Am:Mesoamerica,Am:Mesoamerica
-9.4886,-78.2588,Americas,Am:Andes/S.Am,Am:Andes/S.Am
36.5946,2.4439,Europe-Med,Europe-Med,Med:south
32.6829,35.6018,Middle East,Middle East,ME:west
35.4597,43.2612,Middle East,Middle East,ME:west
32.53,44.4262,Middle East,Middle East,ME:west
16.9022,-92.0095,Americas,Am:Mesoamerica,Am:Mesoamerica
22.4579,-102.8216,Americas,Am:Mesoamerica,Am:Mesoamerica
17.7642,-88.347,Americas,Am:Mesoamerica,Am:Mesoamerica
38.0366,-3.6252,Europe-Med,Europe-Med,Med:south
30.835,46.332,Middle East,Middle East,ME:east
10.7825,79.1315,South Asia,South Asia,South Asia
10.7826,79.1318,South Asia,South Asia,South Asia
21.1858,94.8936,South Asia,South Asia,South Asia
20.3583,-89.772,Americas,Am:Mesoamerica,Am:Mesoamerica
18.8054,-99.2967,Americas,Am:Mesoamerica,Am:Mesoamerica
19.0013,-88.2304,Americas,Am:Mesoamerica,Am:Mesoamerica
39.8014,98.2158,East Asia,East Asia,East Asia
13.981,-89.1626,Americas,Am:Mesoamerica,Am:Mesoamerica
34.375,108.698,East Asia,East Asia,East Asia
17.756,-89.921,Americas,Am:Mesoamerica,Am:Mesoamerica
24.0857,32.8862,Middle East,Middle East,ME:west
32.5433,44.4229,Middle East,Middle East,ME:west
34.8055,48.5164,Middle East,Middle East,ME:east
20.681,-88.57,Americas,Am:Mesoamerica,Am:Mesoamerica
-13.4142,-71.8439,Americas,Am:Andes/S.Am,Am:Andes/S.Am
19.5003,-89.7836,Americas,Am:Mesoamerica,Am:Mesoamerica
20.1728,-89.3455,Americas,Am:Mesoamerica,Am:Mesoamerica
-13.5024,-76.045,Americas,Am:Andes/S.Am,Am:Andes/S.Am
29.5177,30.9033,Middle East,Middle East,ME:west
36.359,43.153,Middle East,Middle East,ME:west
13.1629,75.8604,South Asia,South Asia,South Asia
33.9074,35.9489,Middle East,Middle East,ME:west
22.4592,-102.8233,Americas,Am:Mesoamerica,Am:Mesoamerica
16.9015,-92.0098,Americas,Am:Mesoamerica,Am:Mesoamerica
20.1742,-89.6062,Americas,Am:Mesoamerica,Am:Mesoamerica
36.5214,34.1258,Middle East,Middle East,ME:west
36.5214,34.1258,Middle East,Middle East,ME:west
17.4841,-92.0462,Americas,Am:Mesoamerica,Am:Mesoamerica
-6.4728,-79.7943,Americas,Am:Andes/S.Am,Am:Andes/S.Am
36.2674,29.3178,Europe-Med,Europe-Med,Med:south
16.958,-96.45,Americas,Am:Mesoamerica,Am:Mesoamerica
14.8744,-90.6632,Americas,Am:Mesoamerica,Am:Mesoamerica
20.5,-86.8453,Americas,Am:Mesoamerica,Am:Mesoamerica
40.806,14.3482,Europe-Med,Europe-Med,Eur:north
34.3411,43.8236,Middle East,Middle East,ME:west
31.7445,45.8747,Middle East,Middle East,ME:east
31.5623,46.1809,Middle East,Middle East,ME:east
16.5136,-90.0613,Americas,Am:Mesoamerica,Am:Mesoamerica
32.4496,35.6156,Middle East,Middle East,ME:west
32.3252,35.7273,Middle East,Middle East,ME:west
38.7207,-9.3228,Europe-Med,Europe-Med,Med:south
37.9976,-7.9496,Europe-Med,Europe-Med,Med:south
37.9718,23.7197,Europe-Med,Europe-Med,Med:south
21.179,94.8924,South Asia,South Asia,South Asia
20.3595,-89.7711,Americas,Am:Mesoamerica,Am:Mesoamerica
20.2487,-89.6466,Americas,Am:Mesoamerica,Am:Mesoamerica
20.6298,-89.4614,Americas,Am:Mesoamerica,Am:Mesoamerica
18.8056,-99.2963,Americas,Am:Mesoamerica,Am:Mesoamerica
17.4841,-92.0462,Americas,Am:Mesoamerica,Am:Mesoamerica
35.6712,36.5694,Middle East,Middle East,ME:west
34.0747,-5.5552,Europe-Med,Europe-Med,Med:south
37.3773,27.6702,Europe-Med,Europe-Med,Med:south
39.0619,-7.4893,Europe-Med,Europe-Med,Med:south
35.4591,43.2602,Middle East,Middle East,ME:west
14.9233,-92.1801,Americas,Am:Mesoamerica,Am:Mesoamerica
36.5231,34.1233,Middle East,Middle East,ME:west
36.3966,30.473,Middle East,Middle East,ME:west
41.0116,21.3425,Europe-Med,Europe-Med,Eur:north
37.08,-8.1204,Europe-Med,Europe-Med,Med:south
13.979,-89.674,Americas,Am:Mesoamerica,Am:Mesoamerica
20.681,-88.57,Americas,Am:Mesoamerica,Am:Mesoamerica
20.1744,-89.6091,Americas,Am:Mesoamerica,Am:Mesoamerica
17.0038,-96.557,Americas,Am:Mesoamerica,Am:Mesoamerica
21.091,-89.59,Americas,Am:Mesoamerica,Am:Mesoamerica
34.7498,40.7289,Middle East,Middle East,ME:west
18.6384,-88.7587,Americas,Am:Mesoamerica,Am:Mesoamerica
32.6375,14.2943,Europe-Med,Europe-Med,Med:south
36.2591,29.9852,Europe-Med,Europe-Med,Med:south
24.0856,32.8855,Middle East,Middle East,ME:west
33.484,44.728,Middle East,Middle East,ME:west
21.1834,94.8919,South Asia,South Asia,South Asia
20.681,-88.57,Americas,Am:Mesoamerica,Am:Mesoamerica
32.105,34.93,Middle East,Middle East,ME:west
37.9978,-7.9494,Europe-Med,Europe-Med,Med:south
32.4505,35.6178,Middle East,Middle East,ME:west
16.5136,-90.0613,Americas,Am:Mesoamerica,Am:Mesoamerica
-13.4949,-76.0374,Americas,Am:Andes/S.Am,Am:Andes/S.Am
19.5958,-90.2297,Americas,Am:Mesoamerica,Am:Mesoamerica
20.3614,-89.771,Americas,Am:Mesoamerica,Am:Mesoamerica
37.8695,12.4652,Europe-Med,Europe-Med,Med:south
17.0033,-96.5577,Americas,Am:Mesoamerica,Am:Mesoamerica
19.2084,72.9058,South Asia,South Asia,South Asia
40.1537,44.4461,Middle East,Middle East,ME:west
22.4573,-102.8217,Americas,Am:Mesoamerica,Am:Mesoamerica
17.3103,-89.2592,Americas,Am:Mesoamerica,Am:Mesoamerica
-6.5121,-79.8394,Americas,Am:Andes/S.Am,Am:Andes/S.Am
-13.6526,-73.9555,Americas,Am:Andes/S.Am,Am:Andes/S.Am
32.3252,35.7273,Middle East,Middle East,ME:west
18.516,-89.4665,Americas,Am:Mesoamerica,Am:Mesoamerica
38.0359,-3.6236,Europe-Med,Europe-Med,Med:south
38.3527,43.4602,Middle East,Middle East,ME:west
20.681,-88.57,Americas,Am:Mesoamerica,Am:Mesoamerica
19.5004,-89.7837,Americas,Am:Mesoamerica,Am:Mesoamerica
29.5177,30.9033,Middle East,Middle East,ME:west
41.123,75.7,Other,Other,Other
36.06,-107.97,Americas,Am:N.America,Am:N.America
20.171,-89.5786,Americas,Am:Mesoamerica,Am:Mesoamerica
39.4905,26.3369,Europe-Med,Europe-Med,Med:south
19.1075,-99.5968,Americas,Am:Mesoamerica,Am:Mesoamerica
17.4849,-91.5705,Americas,Am:Mesoamerica,Am:Mesoamerica
19.5981,-90.2304,Americas,Am:Mesoamerica,Am:Mesoamerica
20.6344,-89.4433,Americas,Am:Mesoamerica,Am:Mesoamerica
40.0812,44.0345,Middle East,Middle East,ME:west
38.7304,-9.4438,Europe-Med,Europe-Med,Med:south
20.0643,-99.341,Americas,Am:Mesoamerica,Am:Mesoamerica
17.7643,-88.3478,Americas,Am:Mesoamerica,Am:Mesoamerica
20.4474,-97.3787,Americas,Am:Mesoamerica,Am:Mesoamerica
32.1056,34.9309,Middle East,Middle East,ME:west
19.0017,-88.2336,Americas,Am:Mesoamerica,Am:Mesoamerica
18.2797,-93.2014,Americas,Am:Mesoamerica,Am:Mesoamerica
18.6385,-88.7578,Americas,Am:Mesoamerica,Am:Mesoamerica
21.0911,-89.5979,Americas,Am:Mesoamerica,Am:Mesoamerica
31.1821,29.89625,Europe-Med,Europe-Med,Med:south
39.0622,-7.4885,Europe-Med,Europe-Med,Med:south
18.1067,-89.8116,Americas,Am:Mesoamerica,Am:Mesoamerica
40.7492,14.4844,Europe-Med,Europe-Med,Eur:north
14.9239,-92.1797,Americas,Am:Mesoamerica,Am:Mesoamerica
20.681,-88.57,Americas,Am:Mesoamerica,Am:Mesoamerica
36.359,43.153,Middle East,Middle East,ME:west
38.3533,43.4613,Middle East,Middle East,ME:west
34.34,108.562,East Asia,East Asia,East Asia
34.338,108.57,East Asia,East Asia,East Asia
34.363,108.631,East Asia,East Asia,East Asia
34.362,108.64,East Asia,East Asia,East Asia
20.172,-89.3443,Americas,Am:Mesoamerica,Am:Mesoamerica
37.8471,34.6109,Middle East,Middle East,ME:west
20.6954,-103.8384,Americas,Am:Mesoamerica,Am:Mesoamerica
20.6948,-103.8362,Americas,Am:Mesoamerica,Am:Mesoamerica
19.1077,-99.5962,Americas,Am:Mesoamerica,Am:Mesoamerica
19.532,-99.168,Americas,Am:Mesoamerica,Am:Mesoamerica
18.1205,-90.8371,Americas,Am:Mesoamerica,Am:Mesoamerica
20.2488,-89.6487,Americas,Am:Mesoamerica,Am:Mesoamerica
20.9373,-89.0166,Americas,Am:Mesoamerica,Am:Mesoamerica
38.0146,27.472,Europe-Med,Europe-Med,Med:south
17.4841,-92.0462,Americas,Am:Mesoamerica,Am:Mesoamerica
20.6304,-89.4602,Americas,Am:Mesoamerica,Am:Mesoamerica
21.3131,-89.3539,Americas,Am:Mesoamerica,Am:Mesoamerica
38.4823,22.5013,Europe-Med,Europe-Med,Med:south
34.571,108.266,East Asia,East Asia,East Asia
17.768,-91.2995,Americas,Am:Mesoamerica,Am:Mesoamerica
-6.4064,-79.8995,Americas,Am:Andes/S.Am,Am:Andes/S.Am
-6.5175,-79.8446,Americas,Am:Andes/S.Am,Am:Andes/S.Am
32.4505,35.6146,Middle East,Middle East,ME:west
32.3252,35.7273,Middle East,Middle East,ME:west
18.1067,-89.8116,Americas,Am:Mesoamerica,Am:Mesoamerica
47.595,-3.0742,Europe-Med,Europe-Med,Eur:north
29.3833,67.614,South Asia,South Asia,South Asia
37.0803,-8.1209,Europe-Med,Europe-Med,Med:south
19.0013,-88.2304,Americas,Am:Mesoamerica,Am:Mesoamerica
24.0845,32.8861,Middle East,Middle East,ME:west
43.518,67.7743,Other,Other,Other
20.0642,-99.3404,Americas,Am:Mesoamerica,Am:Mesoamerica
14.8728,-90.6641,Americas,Am:Mesoamerica,Am:Mesoamerica
20.178,-89.6525,Americas,Am:Mesoamerica,Am:Mesoamerica
20.2481,-89.6467,Americas,Am:Mesoamerica,Am:Mesoamerica
40.081,44.034,Middle East,Middle East,ME:west
37.3741,27.6751,Europe-Med,Europe-Med,Med:south
36.6054,2.1905,Europe-Med,Europe-Med,Med:south
37.6598,27.2978,Europe-Med,Europe-Med,Med:south
30.7971,34.7756,Middle East,Middle East,ME:west
32.536,44.4268,Middle East,Middle East,ME:west
-10.8431,-77.5966,Americas,Am:Andes/S.Am,Am:Andes/S.Am
21.1839,94.8819,South Asia,South Asia,South Asia
18.8046,-99.2964,Americas,Am:Mesoamerica,Am:Mesoamerica
20.681,-88.57,Americas,Am:Mesoamerica,Am:Mesoamerica
45.9151,22.8158,Europe-Med,Europe-Med,Eur:north
18.1205,-90.837,Americas,Am:Mesoamerica,Am:Mesoamerica
19.4999,-89.784,Americas,Am:Mesoamerica,Am:Mesoamerica
20.6348,-89.4431,Americas,Am:Mesoamerica,Am:Mesoamerica
20.1701,-89.3448,Americas,Am:Mesoamerica,Am:Mesoamerica
13.9806,-89.1642,Americas,Am:Mesoamerica,Am:Mesoamerica
17.4841,-92.0462,Americas,Am:Mesoamerica,Am:Mesoamerica
20.5618,-89.9528,Americas,Am:Mesoamerica,Am:Mesoamerica
21.091,-89.59,Americas,Am:Mesoamerica,Am:Mesoamerica
14.8415,-89.1421,Americas,Am:Mesoamerica,Am:Mesoamerica
37.9812,38.7416,Middle East,Middle East,ME:west
35.4536,43.2656,Middle East,Middle East,ME:west
29.9352,52.8896,Middle East,Middle East,ME:east
18.1067,-89.8116,Americas,Am:Mesoamerica,Am:Mesoamerica
13.9894,-89.6725,Americas,Am:Mesoamerica,Am:Mesoamerica
29.5951,30.6779,Middle East,Middle East,ME:west
24.0262,32.8846,Middle East,Middle East,ME:west
40.1531,44.4529,Middle East,Middle East,ME:west
38.7211,-9.3232,Europe-Med,Europe-Med,Med:south
19.692,-98.844,Americas,Am:Mesoamerica,Am:Mesoamerica
19.6698,-96.4157,Americas,Am:Mesoamerica,Am:Mesoamerica
-14.818,-75.1145,Americas,Am:Andes/S.Am,Am:Andes/S.Am
20.0635,-99.3421,Americas,Am:Mesoamerica,Am:Mesoamerica
38.0372,-3.6245,Europe-Med,Europe-Med,Med:south
30.9748,31.8808,Middle East,Middle East,ME:west
19.2084,72.9058,South Asia,South Asia,South Asia
19.5515,-97.4857,Americas,Am:Mesoamerica,Am:Mesoamerica
18.28,-93.2018,Americas,Am:Mesoamerica,Am:Mesoamerica
17.7684,-91.2985,Americas,Am:Mesoamerica,Am:Mesoamerica
14.8743,-90.6625,Americas,Am:Mesoamerica,Am:Mesoamerica
19.597,-90.229,Americas,Am:Mesoamerica,Am:Mesoamerica
20.2489,-89.6438,Americas,Am:Mesoamerica,Am:Mesoamerica
20.1712,-89.5783,Americas,Am:Mesoamerica,Am:Mesoamerica
20.1723,-89.5774,Americas,Am:Mesoamerica,Am:Mesoamerica
31.1965,30.7447,Middle East,Middle East,ME:west
31.6083,34.8947,Middle East,Middle East,ME:west
13.7787,104.5395,Oceania/SE Asia,Oceania/SE Asia,Oceania/SE Asia
20.4457,-97.3771,Americas,Am:Mesoamerica,Am:Mesoamerica
21.0911,-89.5899,Americas,Am:Mesoamerica,Am:Mesoamerica
21.3138,-89.3539,Americas,Am:Mesoamerica,Am:Mesoamerica
35.4835,6.4664,Europe-Med,Europe-Med,Med:south
40.7485,14.4837,Europe-Med,Europe-Med,Eur:north
15.0233,-91.1717,Americas,Am:Mesoamerica,Am:Mesoamerica
18.5107,-89.4065,Americas,Am:Mesoamerica,Am:Mesoamerica
40.0031,3.8916,Europe-Med,Europe-Med,Eur:north
18.805,-99.2974,Americas,Am:Mesoamerica,Am:Mesoamerica
18.506,-89.4853,Americas,Am:Mesoamerica,Am:Mesoamerica
18.5165,-89.46685,Americas,Am:Mesoamerica,Am:Mesoamerica
-6.5107,-79.8393,Americas,Am:Andes/S.Am,Am:Andes/S.Am
-6.4659,-79.7975,Americas,Am:Andes/S.Am,Am:Andes/S.Am
47.588,-3.073,Europe-Med,Europe-Med,Eur:north
33.2496,35.6518,Middle East,Middle East,ME:west
19.1084,-99.596,Americas,Am:Mesoamerica,Am:Mesoamerica
20.0652,-99.3401,Americas,Am:Mesoamerica,Am:Mesoamerica
16.8993,-90.9655,Americas,Am:Mesoamerica,Am:Mesoamerica
19.578,-89.5948,Americas,Am:Mesoamerica,Am:Mesoamerica
20.681,-88.57,Americas,Am:Mesoamerica,Am:Mesoamerica
-9.4808,-78.2589,Americas,Am:Andes/S.Am,Am:Andes/S.Am
-9.4807,-78.2589,Americas,Am:Andes/S.Am,Am:Andes/S.Am
-9.4824,-78.2529,Americas,Am:Andes/S.Am,Am:Andes/S.Am
9.9195,78.1193,South Asia,South Asia,South Asia
20.248,-89.6473,Americas,Am:Mesoamerica,Am:Mesoamerica
21.3135,-89.3537,Americas,Am:Mesoamerica,Am:Mesoamerica
17.4841,-92.0462,Americas,Am:Mesoamerica,Am:Mesoamerica
21.1809,94.8824,South Asia,South Asia,South Asia
19.2928,-103.7048,Americas,Am:Mesoamerica,Am:Mesoamerica
21.0619,-86.7814,Americas,Am:Mesoamerica,Am:Mesoamerica
17.0707,-89.4,Americas,Am:Mesoamerica,Am:Mesoamerica
16.5136,-90.0613,Americas,Am:Mesoamerica,Am:Mesoamerica
17.222,-89.6276,Americas,Am:Mesoamerica,Am:Mesoamerica
37.8701,12.4668,Europe-Med,Europe-Med,Med:south
29.5177,30.9033,Middle East,Middle East,ME:west
39.7455,20.0205,Europe-Med,Europe-Med,Med:south
20.2484,-89.6464,Americas,Am:Mesoamerica,Am:Mesoamerica
20.6293,-89.4603,Americas,Am:Mesoamerica,Am:Mesoamerica
16.764,-89.1176,Americas,Am:Mesoamerica,Am:Mesoamerica
42.4109,11.2863,Europe-Med,Europe-Med,Eur:north
22.4552,-102.821,Americas,Am:Mesoamerica,Am:Mesoamerica
20.3601,-89.771,Americas,Am:Mesoamerica,Am:Mesoamerica
20.8133,-89.4524,Americas,Am:Mesoamerica,Am:Mesoamerica
36.4541,33.9156,Middle East,Middle East,ME:west
36.5231,34.1233,Middle East,Middle East,ME:west
19.447,-96.4056,Americas,Am:Mesoamerica,Am:Mesoamerica
17.4841,-92.0462,Americas,Am:Mesoamerica,Am:Mesoamerica
17.2222,-89.6242,Americas,Am:Mesoamerica,Am:Mesoamerica
38.7083,43.21155,Middle East,Middle East,ME:west
38.3522,43.4576,Middle East,Middle East,ME:west
20.0633,-99.3404,Americas,Am:Mesoamerica,Am:Mesoamerica
18.5164,-89.4661,Americas,Am:Mesoamerica,Am:Mesoamerica
-14.8183,-75.1165,Americas,Am:Andes/S.Am,Am:Andes/S.Am
18.1067,-89.8116,Americas,Am:Mesoamerica,Am:Mesoamerica
20.6955,-103.838,Americas,Am:Mesoamerica,Am:Mesoamerica
20.4452,-97.3777,Americas,Am:Mesoamerica,Am:Mesoamerica
32.931,-96.46,Americas,Am:N.America,Am:N.America
16.282,-88.9593,Americas,Am:Mesoamerica,Am:Mesoamerica
47.5925,-3.083,Europe-Med,Europe-Med,Eur:north
29.5177,30.9033,Middle East,Middle East,ME:west
40.1124,44.7303,Middle East,Middle East,ME:west
17.7679,-88.6527,Americas,Am:Mesoamerica,Am:Mesoamerica
17.7646,-88.348,Americas,Am:Mesoamerica,Am:Mesoamerica
36.2596,42.4516,Middle East,Middle East,ME:west
19.1088,-99.5982,Americas,Am:Mesoamerica,Am:Mesoamerica
14.8724,-90.6638,Americas,Am:Mesoamerica,Am:Mesoamerica
18.4178,-88.7907,Americas,Am:Mesoamerica,Am:Mesoamerica
18.6609,-88.7674,Americas,Am:Mesoamerica,Am:Mesoamerica
-13.451,-76.17,Americas,Am:Andes/S.Am,Am:Andes/S.Am
32.5422,44.4211,Middle East,Middle East,ME:west
17.2191,-89.62,Americas,Am:Mesoamerica,Am:Mesoamerica
-13.4142,-71.8439,Americas,Am:Andes/S.Am,Am:Andes/S.Am
21.1807,94.8957,South Asia,South Asia,South Asia
18.518,-89.468,Americas,Am:Mesoamerica,Am:Mesoamerica
20.8907,-88.13605,Americas,Am:Mesoamerica,Am:Mesoamerica
42.008,61.1576,Other,Other,Other
22.5237,72.2485,South Asia,South Asia,South Asia
31.9128,35.7518,Middle East,Middle East,ME:west
18.1067,-89.8116,Americas,Am:Mesoamerica,Am:Mesoamerica
20.681,-88.57,Americas,Am:Mesoamerica,Am:Mesoamerica
40.098,-8.495,Europe-Med,Europe-Med,Eur:north
13.1629,75.8604,South Asia,South Asia,South Asia
15.3325,76.4596,South Asia,South Asia,South Asia
20.4479,-97.3772,Americas,Am:Mesoamerica,Am:Mesoamerica
17.0468,-96.7637,Americas,Am:Mesoamerica,Am:Mesoamerica
16.8992,-90.96545,Americas,Am:Mesoamerica,Am:Mesoamerica
37.9703,23.7278,Europe-Med,Europe-Med,Med:south
20.3586,-89.7727,Americas,Am:Mesoamerica,Am:Mesoamerica
34.0736,-5.5554,Europe-Med,Europe-Med,Med:south
19.6696,-96.4145,Americas,Am:Mesoamerica,Am:Mesoamerica
19.4466,-96.4056,Americas,Am:Mesoamerica,Am:Mesoamerica
17.7705,-91.2977,Americas,Am:Mesoamerica,Am:Mesoamerica
21.0913,-89.5978,Americas,Am:Mesoamerica,Am:Mesoamerica
21.3136,-89.354,Americas,Am:Mesoamerica,Am:Mesoamerica
17.4841,-92.0462,Americas,Am:Mesoamerica,Am:Mesoamerica
29.5177,30.9033,Middle East,Middle East,ME:west
45.9151,22.8163,Europe-Med,Europe-Med,Eur:north
20.4479,-97.3772,Americas,Am:Mesoamerica,Am:Mesoamerica
-9.5376,-77.9943,Americas,Am:Andes/S.Am,Am:Andes/S.Am
32.5363,44.4208,Middle East,Middle East,ME:west
38.5019,-8.0282,Europe-Med,Europe-Med,Med:south
19.1097,-99.599,Americas,Am:Mesoamerica,Am:Mesoamerica
18.804,-99.2955,Americas,Am:Mesoamerica,Am:Mesoamerica
19.3438,-99.0898,Americas,Am:Mesoamerica,Am:Mesoamerica
13.9884,-89.6732,Americas,Am:Mesoamerica,Am:Mesoamerica
-9.4838,-78.2599,Americas,Am:Andes/S.Am,Am:Andes/S.Am
33.484,44.728,Middle East,Middle East,ME:west
29.9885,52.874,Middle East,Middle East,ME:east
40.7494,14.4855,Europe-Med,Europe-Med,Eur:north
38.0148,27.4716,Europe-Med,Europe-Med,Med:south
37.6534,62.1528,South Asia,South Asia,South Asia
18.4193,-88.7916,Americas,Am:Mesoamerica,Am:Mesoamerica
27.7815,30.8041,Middle East,Middle East,ME:west
33.5671,35.371,Middle East,Middle East,ME:west
16.927,-96.3595,Americas,Am:Mesoamerica,Am:Mesoamerica
18.5167,-89.4664,Americas,Am:Mesoamerica,Am:Mesoamerica
36.4222,9.2183,Europe-Med,Europe-Med,Med:south
33.8947,35.9624,Middle East,Middle East,ME:west
17.756,-89.921,Americas,Am:Mesoamerica,Am:Mesoamerica
18.6065,-89.8462,Americas,Am:Mesoamerica,Am:Mesoamerica
20.681,-88.57,Americas,Am:Mesoamerica,Am:Mesoamerica
-14.8188,-75.1166,Americas,Am:Andes/S.Am,Am:Andes/S.Am
36.8739,31.4753,Middle East,Middle East,ME:west
34.9305,36.2453,Middle East,Middle East,ME:west
21.0907,-89.5966,Americas,Am:Mesoamerica,Am:Mesoamerica
20.1693,-89.3391,Americas,Am:Mesoamerica,Am:Mesoamerica
12.55,105.073,Oceania/SE Asia,Oceania/SE Asia,Oceania/SE Asia
17.769,-91.2984,Americas,Am:Mesoamerica,Am:Mesoamerica
20.3608,-89.7696,Americas,Am:Mesoamerica,Am:Mesoamerica
20.1714,-89.5788,Americas,Am:Mesoamerica,Am:Mesoamerica
20.6295,-89.4598,Americas,Am:Mesoamerica,Am:Mesoamerica
20.9475,-89.2995,Americas,Am:Mesoamerica,Am:Mesoamerica
30.9462,29.5186,Europe-Med,Europe-Med,Med:south
27.7828,30.8015,Middle East,Middle East,ME:west
36.6673,41.0602,Middle East,Middle East,ME:west
31.7443,45.8731,Middle East,Middle East,ME:east
20.5612,-89.9521,Americas,Am:Mesoamerica,Am:Mesoamerica
33.8947,35.9636,Middle East,Middle East,ME:west
21.1854,94.8821,South Asia,South Asia,South Asia
19.5521,-97.4875,Americas,Am:Mesoamerica,Am:Mesoamerica
17.4841,-92.0462,Americas,Am:Mesoamerica,Am:Mesoamerica
17.222,-89.623,Americas,Am:Mesoamerica,Am:Mesoamerica
38.1528,24.2635,Europe-Med,Europe-Med,Med:south
44.5928,33.8009,Middle East,Middle East,ME:west
38.3524,43.4594,Middle East,Middle East,ME:west
8.011,80.513,South Asia,South Asia,South Asia
19.2451,-98.3508,Americas,Am:Mesoamerica,Am:Mesoamerica
37.2898,13.5905,Europe-Med,Europe-Med,Med:south
13.442,103.959,Oceania/SE Asia,Oceania/SE Asia,Oceania/SE Asia
33.9073,35.9484,Middle East,Middle East,ME:west
36.605,47.235,Middle East,Middle East,ME:east
36.6052,47.2347,Middle East,Middle East,ME:east
17.0458,-96.7676,Americas,Am:Mesoamerica,Am:Mesoamerica
38.3542,43.4654,Middle East,Middle East,ME:west
54.9911,-2.3601,Europe-Med,Europe-Med,Eur:north
45.9153,22.8162,Europe-Med,Europe-Med,Eur:north
32.4503,35.6137,Middle East,Middle East,ME:west
41.2966,16.1514,Europe-Med,Europe-Med,Eur:north
19.0562,-98.3028,Americas,Am:Mesoamerica,Am:Mesoamerica
20.4463,-97.377,Americas,Am:Mesoamerica,Am:Mesoamerica
34.007,36.2045,Middle East,Middle East,ME:west
19.4512,-99.1374,Americas,Am:Mesoamerica,Am:Mesoamerica
31.9128,35.7519,Middle East,Middle East,ME:west
20.4363,30.3341,Middle East,Middle East,ME:west
34.073,-5.5551,Europe-Med,Europe-Med,Med:south
34.007,36.204,Middle East,Middle East,ME:west
37.291,13.5814,Europe-Med,Europe-Med,Med:south
21.1779,94.8747,South Asia,South Asia,South Asia
20.5613,-89.9527,Americas,Am:Mesoamerica,Am:Mesoamerica
-16.5615,-68.68,Americas,Am:Andes/S.Am,Am:Andes/S.Am
39.4882,26.3378,Europe-Med,Europe-Med,Med:south
15.8773,78.1353,South Asia,South Asia,South Asia
17.0447,-96.7676,Americas,Am:Mesoamerica,Am:Mesoamerica
17.0758,-89.4025,Americas,Am:Mesoamerica,Am:Mesoamerica
16.5136,-90.0613,Americas,Am:Mesoamerica,Am:Mesoamerica
18.5107,-89.4065,Americas,Am:Mesoamerica,Am:Mesoamerica
20.891,-88.13628,Americas,Am:Mesoamerica,Am:Mesoamerica
20.681,-88.57,Americas,Am:Mesoamerica,Am:Mesoamerica
20.4465,-97.3775,Americas,Am:Mesoamerica,Am:Mesoamerica
29.5177,30.9033,Middle East,Middle East,ME:west
17.769,-91.296,Americas,Am:Mesoamerica,Am:Mesoamerica
21.0904,-89.5974,Americas,Am:Mesoamerica,Am:Mesoamerica
40.75,14.4845,Europe-Med,Europe-Med,Eur:north
29.8756,31.2217,Middle East,Middle East,ME:west
37.2908,13.5842,Europe-Med,Europe-Med,Med:south
13.43,103.898,Oceania/SE Asia,Oceania/SE Asia,Oceania/SE Asia
32.5446,44.4219,Middle East,Middle East,ME:west
-10.8416,-77.5971,Americas,Am:Andes/S.Am,Am:Andes/S.Am
24.453,32.9277,Middle East,Middle East,ME:west
34.0016,35.8052,Middle East,Middle East,ME:west
33.9133,35.9906,Middle East,Middle East,ME:west
39.4529,-8.528,Europe-Med,Europe-Med,Med:south
22.4572,-102.821,Americas,Am:Mesoamerica,Am:Mesoamerica
17.0455,-96.7674,Americas,Am:Mesoamerica,Am:Mesoamerica
35.5958,36.0572,Middle East,Middle East,ME:west
19.4474,-96.4054,Americas,Am:Mesoamerica,Am:Mesoamerica
-13.4142,-71.8439,Americas,Am:Andes/S.Am,Am:Andes/S.Am
17.4776,44.1799,Middle East,Middle East,ME:west
16.5136,-90.0613,Americas,Am:Mesoamerica,Am:Mesoamerica
-16.5614,-68.6798,Americas,Am:Andes/S.Am,Am:Andes/S.Am
21.178,94.8751,South Asia,South Asia,South Asia
-16.5615,-68.68,Americas,Am:Andes/S.Am,Am:Andes/S.Am
16.0206,75.8819,South Asia,South Asia,South Asia
-6.4709,-79.7922,Americas,Am:Andes/S.Am,Am:Andes/S.Am
31.7764,35.235,Middle East,Middle East,ME:west
19.4512,-99.1377,Americas,Am:Mesoamerica,Am:Mesoamerica
34.0731,-5.5546,Europe-Med,Europe-Med,Med:south
41.0128,24.2866,Europe-Med,Europe-Med,Eur:north
30.5751,31.5144,Middle East,Middle East,ME:west
18.419,-88.7906,Americas,Am:Mesoamerica,Am:Mesoamerica
37.9713,23.7265,Europe-Med,Europe-Med,Med:south
42.5122,24.5469,Europe-Med,Europe-Med,Eur:north
-13.6527,-73.955,Americas,Am:Andes/S.Am,Am:Andes/S.Am
18.5179,-89.4664,Americas,Am:Mesoamerica,Am:Mesoamerica
29.9328,31.1612,Middle East,Middle East,ME:west
29.8658,31.2132,Middle East,Middle East,ME:west
17.0434,-96.769,Americas,Am:Mesoamerica,Am:Mesoamerica
17.7638,-88.3467,Americas,Am:Mesoamerica,Am:Mesoamerica
34.5516,40.8875,Middle East,Middle East,ME:west
20.446,-97.3782,Americas,Am:Mesoamerica,Am:Mesoamerica
16.5136,-90.0613,Americas,Am:Mesoamerica,Am:Mesoamerica
17.2196,-89.6259,Americas,Am:Mesoamerica,Am:Mesoamerica
-13.4512,-76.1692,Americas,Am:Andes/S.Am,Am:Andes/S.Am
19.435,-99.1314,Americas,Am:Mesoamerica,Am:Mesoamerica
17.6828,-89.8331,Americas,Am:Mesoamerica,Am:Mesoamerica
21.9228,-98.8152,Americas,Am:Mesoamerica,Am:Mesoamerica
20.6293,-89.4608,Americas,Am:Mesoamerica,Am:Mesoamerica
37.925,29.1258,Europe-Med,Europe-Med,Med:south
38.3534,43.4626,Middle East,Middle East,ME:west
21.1779,94.8746,South Asia,South Asia,South Asia
41.4495,23.2625,Europe-Med,Europe-Med,Eur:north
22.4577,-102.8207,Americas,Am:Mesoamerica,Am:Mesoamerica
19.4349,-99.1314,Americas,Am:Mesoamerica,Am:Mesoamerica
17.4853,-91.57,Americas,Am:Mesoamerica,Am:Mesoamerica
20.9471,-89.3006,Americas,Am:Mesoamerica,Am:Mesoamerica
30.629,72.864,South Asia,South Asia,South Asia
-13.4142,-71.8439,Americas,Am:Andes/S.Am,Am:Andes/S.Am
45.9153,22.8167,Europe-Med,Europe-Med,Eur:north
37.8704,12.4688,Europe-Med,Europe-Med,Med:south
37.2913,13.5815,Europe-Med,Europe-Med,Med:south
21.9262,-98.8133,Americas,Am:Mesoamerica,Am:Mesoamerica
17.176,-89.4051,Americas,Am:Mesoamerica,Am:Mesoamerica
19.0018,-88.2304,Americas,Am:Mesoamerica,Am:Mesoamerica
16.5136,-90.0613,Americas,Am:Mesoamerica,Am:Mesoamerica
20.681,-88.57,Americas,Am:Mesoamerica,Am:Mesoamerica
34.5515,40.8884,Middle East,Middle East,ME:west
19.2449,-98.3495,Americas,Am:Mesoamerica,Am:Mesoamerica
36.5138,30.0597,Middle East,Middle East,ME:west
21.1777,94.864,South Asia,South Asia,South Asia
13.463,103.895,Oceania/SE Asia,Oceania/SE Asia,Oceania/SE Asia
13.4465,103.92,Oceania/SE Asia,Oceania/SE Asia,Oceania/SE Asia
11.1845,104.825,Oceania/SE Asia,Oceania/SE Asia,Oceania/SE Asia
40.081,44.0332,Middle East,Middle East,ME:west
10.37,78.8512,South Asia,South Asia,South Asia
19.4972,-98.8176,Americas,Am:Mesoamerica,Am:Mesoamerica
19.245,-98.35,Americas,Am:Mesoamerica,Am:Mesoamerica
15.3325,76.4596,South Asia,South Asia,South Asia
36.1011,43.327,Middle East,Middle East,ME:west
17.2207,-89.628,Americas,Am:Mesoamerica,Am:Mesoamerica
16.5736,-89.4111,Americas,Am:Mesoamerica,Am:Mesoamerica
32.6352,14.2914,Europe-Med,Europe-Med,Med:south
36.06,-107.97,Americas,Am:N.America,Am:N.America
21.0911,-89.5909,Americas,Am:Mesoamerica,Am:Mesoamerica
19.2442,-98.3507,Americas,Am:Mesoamerica,Am:Mesoamerica
-16.556,-68.6735,Americas,Am:Andes/S.Am,Am:Andes/S.Am
-16.5558,-68.6732,Americas,Am:Andes/S.Am,Am:Andes/S.Am
37.9415,12.8325,Europe-Med,Europe-Med,Med:south
20.5515,-100.444,Americas,Am:Mesoamerica,Am:Mesoamerica
13.435,103.889,Oceania/SE Asia,Oceania/SE Asia,Oceania/SE Asia
17.0446,-96.7683,Americas,Am:Mesoamerica,Am:Mesoamerica
17.0429,-96.7681,Americas,Am:Mesoamerica,Am:Mesoamerica
19.4473,-96.4035,Americas,Am:Mesoamerica,Am:Mesoamerica
33.3032,44.5844,Middle East,Middle East,ME:west
-11.1871,-77.5885,Americas,Am:Andes/S.Am,Am:Andes/S.Am
21.1657,94.8626,South Asia,South Asia,South Asia
37.8702,12.4698,Europe-Med,Europe-Med,Med:south
34.4026,108.772545,East Asia,East Asia,East Asia
51.4085,-1.851,Europe-Med,Europe-Med,Eur:north
35.49,6.2549,Europe-Med,Europe-Med,Med:south
35.4848,6.4688,Europe-Med,Europe-Med,Med:south
37.2929,13.5788,Europe-Med,Europe-Med,Med:south
18.0989,79.8073,South Asia,South Asia,South Asia
17.2251,-89.6189,Americas,Am:Mesoamerica,Am:Mesoamerica
40.0384,-8.4577,Europe-Med,Europe-Med,Eur:north
20.9468,-89.3018,Americas,Am:Mesoamerica,Am:Mesoamerica
21.1867,94.8984,South Asia,South Asia,South Asia
16.5136,-90.0613,Americas,Am:Mesoamerica,Am:Mesoamerica
18.5069,-89.4862,Americas,Am:Mesoamerica,Am:Mesoamerica
18.9305,-99.222,Americas,Am:Mesoamerica,Am:Mesoamerica
36.2589,42.4479,Middle East,Middle East,ME:west
22.5222,72.2492,South Asia,South Asia,South Asia
13.4336,103.877,Oceania/SE Asia,Oceania/SE Asia,Oceania/SE Asia
13.435,103.9205,Oceania/SE Asia,Oceania/SE Asia,Oceania/SE Asia
13.475,104.228,Oceania/SE Asia,Oceania/SE Asia,Oceania/SE Asia
29.3826,31.0535,Middle East,Middle East,ME:west
26.8091,33.4869,Middle East,Middle East,ME:west
35.4847,6.4668,Europe-Med,Europe-Med,Med:south
21.1811,94.8697,South Asia,South Asia,South Asia
22.0509,96.0175,East Asia,East Asia,East Asia
21.0911,-89.5917,Americas,Am:Mesoamerica,Am:Mesoamerica
17.0792,-89.4027,Americas,Am:Mesoamerica,Am:Mesoamerica
33.044,35.414,Middle East,Middle East,ME:west
18.9301,-99.2224,Americas,Am:Mesoamerica,Am:Mesoamerica
13.4253,103.8582,Oceania/SE Asia,Oceania/SE Asia,Oceania/SE Asia
30.0321,31.0748,Middle East,Middle East,ME:west
32.2737,35.8906,Middle East,Middle East,ME:west
32.2722,35.8913,Middle East,Middle East,ME:west
29.114,58.3694,Middle East,Middle East,ME:east
35.629,38.7581,Middle East,Middle East,ME:west
21.091,-89.59,Americas,Am:Mesoamerica,Am:Mesoamerica
10.863,78.69,South Asia,South Asia,South Asia
13.434,103.8,Oceania/SE Asia,Oceania/SE Asia,Oceania/SE Asia
13.4235,103.856,Oceania/SE Asia,Oceania/SE Asia,Oceania/SE Asia
13.344,103.973,Oceania/SE Asia,Oceania/SE Asia,Oceania/SE Asia
13.336,103.974,Oceania/SE Asia,Oceania/SE Asia,Oceania/SE Asia
19.8875,86.0945,South Asia,South Asia,South Asia
13.4125,103.867,Oceania/SE Asia,Oceania/SE Asia,Oceania/SE Asia
20.4476,-97.3779,Americas,Am:Mesoamerica,Am:Mesoamerica
20.8907,-88.13605,Americas,Am:Mesoamerica,Am:Mesoamerica
20.8924,-88.136,Americas,Am:Mesoamerica,Am:Mesoamerica
40.0991,-8.4935,Europe-Med,Europe-Med,Eur:north
36.06,-107.97,Americas,Am:N.America,Am:N.America
18.8033,-99.2963,Americas,Am:Mesoamerica,Am:Mesoamerica
19.4973,-98.8181,Americas,Am:Mesoamerica,Am:Mesoamerica
21.9253,-98.8132,Americas,Am:Mesoamerica,Am:Mesoamerica
19.2445,-98.3379,Americas,Am:Mesoamerica,Am:Mesoamerica
20.75,-97.6333,Americas,Am:Mesoamerica,Am:Mesoamerica
19.5538,-97.4909,Americas,Am:Mesoamerica,Am:Mesoamerica
19.4477,-96.4014,Americas,Am:Mesoamerica,Am:Mesoamerica
17.4841,-92.0462,Americas,Am:Mesoamerica,Am:Mesoamerica
15.0239,-91.1718,Americas,Am:Mesoamerica,Am:Mesoamerica
14.8741,-90.6625,Americas,Am:Mesoamerica,Am:Mesoamerica
16.5136,-90.0613,Americas,Am:Mesoamerica,Am:Mesoamerica
20.5604,-89.9538,Americas,Am:Mesoamerica,Am:Mesoamerica
17.6828,-89.8331,Americas,Am:Mesoamerica,Am:Mesoamerica
18.1067,-89.8116,Americas,Am:Mesoamerica,Am:Mesoamerica
21.091,-89.59,Americas,Am:Mesoamerica,Am:Mesoamerica
18.5096,-89.4888,Americas,Am:Mesoamerica,Am:Mesoamerica
17.176,-89.4051,Americas,Am:Mesoamerica,Am:Mesoamerica
17.1335,-89.262,Americas,Am:Mesoamerica,Am:Mesoamerica
17.3103,-89.2592,Americas,Am:Mesoamerica,Am:Mesoamerica
17.2567,-89.1553,Americas,Am:Mesoamerica,Am:Mesoamerica
14.8373,-89.1415,Americas,Am:Mesoamerica,Am:Mesoamerica
20.681,-88.57,Americas,Am:Mesoamerica,Am:Mesoamerica
0.3224,-78.1218,Americas,Am:Andes/S.Am,Am:Andes/S.Am
-11.0239,-77.6338,Americas,Am:Andes/S.Am,Am:Andes/S.Am
-9.8754,-76.8164,Americas,Am:Andes/S.Am,Am:Andes/S.Am
-13.5077,-71.9822,Americas,Am:Andes/S.Am,Am:Andes/S.Am
36.4222,9.2183,Europe-Med,Europe-Med,Med:south
37.2896,13.592,Europe-Med,Europe-Med,Med:south
37.1777,21.9189,Europe-Med,Europe-Med,Med:south
43.3743,23.7293,Europe-Med,Europe-Med,Eur:north
41.7215,27.2262,Europe-Med,Europe-Med,Eur:north
37.6591,27.2982,Europe-Med,Europe-Med,Med:south
36.2631,29.3177,Europe-Med,Europe-Med,Med:south
29.976,31.133,Middle East,Middle East,ME:west
29.3883,31.1572,Middle East,Middle East,ME:west
29.904,31.1938,Middle East,Middle East,ME:west
29.8976,31.2033,Middle East,Middle East,ME:west
29.8086,31.2064,Middle East,Middle East,ME:west
29.7902,31.2094,Middle East,Middle East,ME:west
29.8544,31.2191,Middle East,Middle East,ME:west
29.5601,31.2213,Middle East,Middle East,ME:west
24.0252,32.8846,Middle East,Middle East,ME:west
36.5231,34.1233,Middle East,Middle East,ME:west
31.8327,35.1802,Middle East,Middle East,ME:west
31.316,35.353,Middle East,Middle East,ME:west
39.495,35.3766,Middle East,Middle East,ME:west
31.7417,35.4596,Middle East,Middle East,ME:west
32.5955,35.5215,Middle East,Middle East,ME:west
34.1199,35.6464,Middle East,Middle East,ME:west
36.8638,39.0305,Middle East,Middle East,ME:west
34.5522,40.888,Middle East,Middle East,ME:west
35.4561,43.2576,Middle East,Middle East,ME:west
36.097,43.3303,Middle East,Middle East,ME:west
33.0609,44.2557,Middle East,Middle East,ME:west
32.5422,44.4211,Middle East,Middle East,ME:west
30.5954,61.3263,South Asia,South Asia,South Asia
30.629,72.864,South Asia,South Asia,South Asia
19.2084,72.9058,South Asia,South Asia,South Asia
16.0206,75.8819,South Asia,South Asia,South Asia
15.3325,76.4596,South Asia,South Asia,South Asia
8.4827,76.9438,South Asia,South Asia,South Asia
23.5285,77.8012,South Asia,South Asia,South Asia
17.9611,79.6145,South Asia,South Asia,South Asia
17.9564,79.6154,South Asia,South Asia,South Asia
27.484,83.273,South Asia,South Asia,South Asia
21.1768,94.8744,South Asia,South Asia,South Asia
21.1841,94.8818,South Asia,South Asia,South Asia
34.2878,108.02289,East Asia,East Asia,East Asia
34.3977,108.712421,East Asia,East Asia,East Asia
34.3903,108.739114,East Asia,East Asia,East Asia
34.4008,108.764606,East Asia,East Asia,East Asia
34.4438,108.940784,East Asia,East Asia,East Asia
34.4462,108.9475,East Asia,East Asia,East Asia
34.1789,109.028396,East Asia,East Asia,East Asia
34.1273,109.055786,East Asia,East Asia,East Asia
34.3812,109.254012,East Asia,East Asia,East Asia
-7.608,110.204,Oceania/SE Asia,Oceania/SE Asia,Oceania/SE Asia
-7.7521,110.4914,Oceania/SE Asia,Oceania/SE Asia,Oceania/SE Asia
34.6327,112.81109,East Asia,East Asia,East Asia
40.3777,-7.3425,Europe-Med,Europe-Med,Eur:north
