SITE_LAT,SITE_LON,BEARING,cluster_25km,cluster_50km,cluster_75km,cluster_100km
38.5657,110.3252,-38.0,0,0,0,0
-15.8922,-69.8888,38.0,1,1,1,1
36.8638,39.0305,10.0,2,2,2,2
38.5657,110.3252,-26.0,0,0,0,0
-15.2464,-73.7443,41.5,3,3,3,3
-13.613,-71.717,40.5,4,4,4,4
-13.5024,-76.045,42.0,5,5,5,5
-9.5028,-78.2226,45.0,6,6,6,6
-10.878,-77.5524,43.0,7,7,7,7
-9.2065,-78.3755,44.5,8,6,6,6
-10.89354,-77.52447,42.5,7,7,7,7
-10.89295,-77.52503,39.5,7,7,7,7
-11.9539,-77.1183,38.0,9,8,8,7
-7.129,-78.8462,42.0,10,9,9,8
-11.0584,-77.533,38.0,7,7,7,7
-13.5077,-71.9822,31.0,11,4,4,4
-11.9539,-77.118,36.5,9,8,8,7
-10.8807,-77.5408,37.0,7,7,7,7
-13.5024,-76.045,34.0,5,5,5,5
-9.7031,-78.2965,37.0,6,6,6,6
-10.8926,-77.5252,35.5,7,7,7,7
-10.8844,-77.5407,35.0,7,7,7,7
0.0546,-78.306,42.0,12,10,10,9
-13.5077,-71.9822,28.0,11,4,4,4
-12.1176,-75.2061,31.0,13,11,11,10
0.0546,-78.306,40.0,12,10,10,9
-10.8795,-77.5121,33.0,7,7,7,7
-9.5495,-78.2299,34.0,6,6,6,6
0.0546,-78.306,39.0,12,10,10,9
-10.9038,-77.378,32.0,7,7,7,7
-10.8758,-77.5506,32.0,7,7,7,7
-10.8828,-77.5399,32.0,7,7,7,7
-10.8912,-77.5186,32.0,7,7,7,7
-10.8805,-77.5156,32.0,7,7,7,7
0.0546,-78.306,38.0,12,10,10,9
0.0546,-78.306,37.0,12,10,10,9
-10.88905,-77.5256,31.0,7,7,7,7
-10.8903,-77.52403,31.0,7,7,7,7
-10.89091,-77.52333,31.0,7,7,7,7
-10.89305,-77.5224,31.0,7,7,7,7
-10.89292,-77.52187,31.0,7,7,7,7
-13.4142,-71.8439,25.0,11,4,4,4
-10.8886,-77.5256,30.5,7,7,7,7
-10.88264,-77.53849,30.0,7,7,7,7
-10.889,-77.52685,30.0,7,7,7,7
-9.56,-78.2284,31.0,6,6,6,6
-11.0248,-77.6323,30.0,7,7,7,7
0.0546,-78.306,35.0,12,10,10,9
-10.88205,-77.53885,29.5,7,7,7,7
-10.89475,-77.5118,29.5,7,7,7,7
34.6237,108.4989,-20.0,14,12,12,11
-10.8888,-77.5261,29.0,7,7,7,7
-10.89198,-77.52343,29.0,7,7,7,7
-10.8946,-77.5225,29.0,7,7,7,7
-13.5024,-76.045,27.0,5,5,5,5
0.0546,-78.306,34.0,12,10,10,9
-10.88362,-77.53823,28.5,7,7,7,7
-10.8895,-77.5248,28.5,7,7,7,7
34.6929,72.2496,-43.0,15,13,13,12
-10.89415,-77.52395,28.0,7,7,7,7
-10.8943,-77.52377,28.0,7,7,7,7
-10.8911,-77.5203,28.0,7,7,7,7
-9.701,-78.2964,28.5,6,6,6,6
-14.1743,-71.3702,22.0,16,14,4,4
-14.1752,-71.3692,22.0,16,14,4,4
-10.8922,-77.5184,27.5,7,7,7,7
0.0546,-78.306,32.0,12,10,10,9
21.1864,94.8905,-30.0,17,15,14,13
-10.88342,-77.54085,27.0,7,7,7,7
-10.8799,-77.5158,27.0,7,7,7,7
-6.5152,-79.8443,30.0,18,16,15,8
0.0546,-78.306,31.0,12,10,10,9
-8.132,-78.995,28.0,19,17,16,14
-8.1345,-78.99,28.0,19,17,16,14
21.1836,94.8757,-29.0,17,15,14,13
-10.8755,-77.5523,26.0,7,7,7,7
-10.89263,-77.52963,26.0,7,7,7,7
-10.88978,-77.52511,26.0,7,7,7,7
-10.88925,-77.5242,26.0,7,7,7,7
37.1678,69.4083,-42.0,20,18,17,15
-10.8905,-77.5216,25.5,7,7,7,7
-10.8918,-77.5203,25.5,7,7,7,7
-10.89303,-77.51848,25.5,7,7,7,7
-9.5629,-78.226,26.0,6,6,6,6
-14.1728,-71.369,20.0,16,14,4,4
16.141,-92.1064,45.0,21,19,18,16
16.1419,-92.1056,45.0,21,19,18,16
15.3343,-91.4931,44.0,22,20,18,16
30.6516,61.4016,-44.0,23,21,19,17
16.9001,-90.9675,43.5,24,22,20,16
13.1925,104.9008,-22.0,25,23,21,18
20.1712,-89.5789,45.0,26,24,22,16
-10.8558,-77.5734,24.0,7,7,7,7
-10.8705,-77.5297,24.0,7,7,7,7
-10.8896,-77.52355,24.0,7,7,7,7
-10.89095,-77.52063,24.0,7,7,7,7
-10.89221,-77.51908,24.0,7,7,7,7
20.323,-87.3702,44.0,27,25,22,16
14.8742,-90.6628,41.0,28,20,18,16
-23.586,-65.404,14.0,29,26,23,19
-10.8887,-77.5272,23.5,7,7,7,7
-10.88985,-77.5228,23.5,7,7,7,7
16.1414,-92.1053,41.0,21,19,18,16
31.9063,65.498,-40.0,30,27,24,20
-9.5647,-78.2262,23.0,6,6,6,6
17.7695,-88.6498,39.0,31,28,25,16
19.3296,-98.8897,43.0,32,29,26,21
0.0546,-78.306,25.0,12,10,10,9
-10.89125,-77.53235,22.0,7,7,7,7
-10.8935,-77.5204,22.0,7,7,7,7
21.1823,94.878,-25.0,17,15,14,13
19.0295,-96.156,42.0,33,30,27,22
32.009,48.5215,-44.5,34,31,28,23
18.2174,-88.5847,38.0,35,32,25,16
-8.1165,-79.0765,23.0,19,17,16,14
16.1415,-92.1047,38.0,21,19,18,16
43.5172,67.7708,-39.0,36,33,29,24
-14.1757,-71.3706,17.0,16,14,4,4
14.7358,-90.9962,36.0,37,20,18,16
-10.8901,-77.5225,21.0,7,7,7,7
-10.8935,-77.5194,21.0,7,7,7,7
18.5381,31.823,-43.0,38,34,30,25
25.728,32.61,-45.0,39,35,31,26
20.4495,-97.3772,41.0,40,36,32,21
-11.9531,-77.11865,20.5,9,8,8,7
26.1864,31.9163,-45.0,41,37,33,26
32.3918,44.3413,-44.5,42,38,34,27
22.4588,-102.8226,43.0,43,39,35,28
26.53,31.63,-45.0,44,37,33,26
15.3336,-91.4934,36.0,22,20,18,16
25.7005,32.6399,-44.5,39,35,31,26
19.624,-101.574,41.0,45,40,36,29
19.5539,-97.4892,40.0,46,41,37,21
43.5177,67.7703,-38.0,36,33,29,24
20.496,-87.7205,37.0,47,25,22,16
15.8284,-91.8834,36.0,48,19,18,16
35.37,44.255,-45.0,49,42,38,30
29.9795,52.9092,-41.0,50,43,39,31
20.4496,-97.3751,40.0,40,36,32,21
16.8989,-90.9642,36.0,24,22,20,16
34.423,108.841,-15.0,51,12,12,11
31.322,45.636,-43.0,52,44,40,32
15.3342,-91.4927,35.0,22,20,18,16
-13.393,-72.874,17.0,53,45,41,4
32.0089,48.5203,-42.0,34,31,28,23
21.1605,-99.3959,40.0,54,46,42,33
19.028,-96.154,38.0,33,30,27,22
20.4498,-97.3772,39.0,40,36,32,21
-10.89344,-77.52155,20.0,7,7,7,7
30.2048,53.1801,-40.0,55,43,39,31
2.444,-76.6,22.0,56,47,43,34
25.7195,32.601,-43.0,39,35,31,26
33.0602,44.2512,-43.0,57,48,34,27
20.3196,-87.3669,35.0,27,25,22,16
33.2527,35.7147,-45.0,58,49,44,35
15.3334,-91.4938,34.0,22,20,18,16
16.3952,-90.2044,34.0,59,50,25,16
-8.1346,-78.9924,21.0,19,17,16,14
34.5504,38.2675,-45.0,60,51,45,36
28.6502,-17.7625,-35.0,61,52,46,37
34.4234,108.8366,-14.5,51,12,12,11
34.435,108.877,-14.5,51,12,12,11
-10.8935,-77.5145,19.5,7,7,7,7
33.124,45.931,-42.0,62,53,47,38
16.1419,-92.1063,34.0,21,19,18,16
34.3798,108.7045,-14.5,51,12,12,11
19.6695,-96.4155,37.0,63,54,27,22
24.0845,32.8862,-41.5,64,55,48,39
30.1996,53.178,-39.0,55,43,39,31
15.3336,-91.493,33.0,22,20,18,16
20.4933,-87.7217,34.0,47,25,22,16
35.4586,43.2586,-43.0,65,56,49,30
-6.993,107.056,-20.0,66,57,50,40
-6.5148,-79.8457,21.0,18,16,15,8
15.8282,-91.884,33.0,48,19,18,16
-10.8914,-77.5324,19.0,7,7,7,7
40.1124,44.7303,-44.0,67,58,51,41
16.704,-91.065,33.0,24,22,20,16
21.1786,94.8793,-22.0,17,15,14,13
16.1403,-92.1067,33.0,21,19,18,16
-11.023,-77.6345,19.0,7,7,7,7
28.6502,-17.7625,-33.0,61,52,46,37
32.0095,48.521,-40.0,34,31,28,23
-8.1145,-79.0725,20.0,19,17,16,14
22.7931,32.5454,-40.0,68,59,52,42
32.3923,44.3423,-41.0,42,38,34,27
19.5529,-97.4916,36.0,46,41,37,21
31.1951,30.7385,-43.0,69,60,53,43
30.2027,53.1779,-38.0,55,43,39,31
34.434,108.881,-14.0,51,12,12,11
15.3338,-91.4926,32.0,22,20,18,16
36.4595,36.852,-44.0,70,61,54,44
34.428,108.851,-14.0,51,12,12,11
34.428,108.853,-14.0,51,12,12,11
34.628,112.383,-12.0,71,62,55,45
24.0845,32.8861,-40.0,64,55,48,39
31.5624,46.1768,-40.0,72,44,40,32
20.4503,-97.3774,36.0,40,36,32,21
30.794,34.7752,-42.0,73,63,56,35
31.62,45.9342,-40.0,72,44,40,32
29.381,67.6165,-33.0,74,64,57,46
18.4147,-88.7915,30.0,75,32,25,16
29.7798,51.5761,-38.0,76,65,58,47
14.8745,-90.663,31.0,28,20,18,16
13.8006,-89.3892,30.0,77,66,59,48
19.8136,-98.5566,35.5,78,29,26,21
31.6267,-91.8183,40.0,79,67,60,49
20.2153,-87.4293,32.0,27,25,22,16
18.2247,30.7456,-38.0,80,68,61,50
36.5231,34.1233,-44.0,81,69,62,51
36.5217,34.1255,-44.0,81,69,62,51
36.5217,34.1255,-44.0,81,69,62,51
43.5177,67.7698,-35.0,36,33,29,24
18.5353,31.8297,-38.0,38,34,30,25
39.495,35.3766,-45.0,82,70,63,52
35.671,36.5691,-43.0,83,71,64,44
32.5403,44.6047,-40.0,42,38,34,27
-6.4722,-79.7907,20.0,18,16,15,8
26.1578,31.9664,-40.0,41,37,33,26
37.0804,-8.1202,-44.0,84,72,65,53
17.4841,-92.0462,32.0,85,73,66,16
20.4485,-97.3772,35.0,40,36,32,21
34.0754,-5.5535,-41.0,86,74,67,54
21.091,-89.59,32.0,87,24,22,16
16.3952,-90.2044,30.0,59,50,25,16
20.4483,-97.3777,34.0,40,36,32,21
33.3537,44.2023,-39.0,88,48,34,27
30.9617,46.1051,-38.0,89,75,40,32
30.1996,53.1789,-36.0,55,43,39,31
16.8998,-90.9645,30.0,24,22,20,16
20.3587,-89.7711,31.0,26,24,22,16
20.319,-87.3672,30.0,27,25,22,16
16.7027,-93.0041,30.5,90,76,68,55
-6.5115,-79.8396,19.0,18,16,15,8
17.7657,-88.6528,29.0,31,28,25,16
19.3294,-98.8921,33.0,32,29,26,21
16.3952,-90.2044,29.0,59,50,25,16
32.6357,14.2892,-41.0,91,77,69,56
39.369,-7.3865,-43.0,92,78,70,57
16.9002,-90.966,29.0,24,22,20,16
-8.1048,-79.045,18.0,19,17,16,14
-11.0233,-77.6338,17.0,7,7,7,7
14.633,-90.549,28.0,93,20,18,16
-8.106,-79.079,18.0,19,17,16,14
39.0554,43.357,-39.0,94,79,71,58
37.0807,-8.1208,-40.0,84,72,65,53
39.2034,29.6087,-43.0,95,80,72,59
13.8006,-89.3895,27.0,77,66,59,48
22.7312,32.2626,-36.0,96,59,52,42
34.625,112.375,-11.0,71,62,55,45
36.4222,9.2183,-42.0,97,81,73,60
14.9236,-92.1796,28.0,98,82,74,16
15.8272,-91.8841,28.0,48,19,18,16
31.6268,-91.8187,36.0,79,67,60,49
31.621,45.933,-36.0,72,44,40,32
-33.7181,143.0812,13.0,99,83,75,61
-13.5024,-76.045,15.5,5,5,5,5
25.7188,32.6021,-36.0,39,35,31,26
40.0995,-8.4938,-41.0,100,84,76,57
44.5928,33.8009,-44.0,101,85,77,62
33.1101,35.5309,-38.0,58,49,44,35
32.0098,48.5198,-35.0,34,31,28,23
21.1685,94.8584,-19.0,17,15,14,13
-8.0948,-79.067,17.0,19,17,16,14
-10.8805,-77.5148,16.0,7,7,7,7
32.2767,35.8902,-37.0,102,49,44,35
32.6392,14.2951,-38.0,91,77,69,56
7.8159,80.3116,-25.0,103,86,78,63
37.1101,25.3723,-40.0,104,87,79,64
18.5358,31.8242,-33.0,38,34,30,25
20.681,-88.57,27.0,105,88,22,16
16.703,-93.0037,27.0,90,76,68,55
33.484,44.728,-35.0,106,48,34,27
30.963,46.103,-33.0,89,75,40,32
21.1603,-99.3965,30.0,54,46,42,33
21.0915,-89.5967,27.0,87,24,22,16
40.1402,44.5384,-37.0,67,58,51,41
19.329,-98.8923,29.0,32,29,26,21
14.8707,-90.6661,24.0,28,20,18,16
29.9359,52.8926,-32.0,50,43,39,31
30.6521,61.401,-30.0,23,21,19,17
41.606,15.8836,-42.0,107,89,80,65
21.1935,94.8951,-18.0,17,15,14,13
17.4841,-92.0462,26.0,85,73,66,16
20.2487,-89.647,26.0,26,24,22,16
-8.1104,-79.0747,16.0,19,17,16,14
19.0013,-88.2304,25.0,108,90,25,16
32.3252,35.7273,-35.0,102,49,44,35
14.9232,-92.1798,25.0,98,82,74,16
25.2934,32.5562,-33.0,109,35,31,26
15.8276,-91.8838,25.0,48,19,18,16
22.4582,-102.8218,30.0,43,39,35,28
-13.5024,-76.045,14.0,5,5,5,5
34.0741,-5.5549,-32.0,86,74,67,54
16.8988,-92.0097,25.0,110,91,66,16
45.3739,36.526,-40.0,111,92,81,66
37.9976,-7.9494,-34.0,112,93,82,57
20.5536,75.7012,-24.0,113,94,83,67
16.9578,-96.4496,26.0,114,95,84,68
20.2149,-87.4294,24.0,27,25,22,16
33.484,44.728,-33.0,106,48,34,27
32.637,14.2935,-34.0,91,77,69,56
19.2678,-103.7271,28.0,115,96,85,69
18.2779,-93.2003,25.0,116,97,86,70
36.3222,5.7351,-36.0,117,98,87,71
42.4112,11.2866,-40.0,118,99,88,72
21.1831,94.8905,-17.0,17,15,14,13
38.0381,-3.6259,-34.0,119,100,89,73
42.1512,24.752,-39.0,120,101,90,74
20.681,-88.57,24.0,105,88,22,16
-8.1134,-79.0769,15.0,19,17,16,14
-14.8193,-75.1162,13.0,121,102,91,75
32.7088,20.9541,-34.0,122,103,92,76
16.0039,-90.0439,23.0,123,50,25,16
20.1692,-89.3388,24.0,26,24,22,16
30.9566,31.5166,-33.0,124,104,93,43
16.9717,-96.492,25.0,114,95,84,68
16.9584,-96.4505,25.0,114,95,84,68
40.7483,14.4889,-38.0,125,105,94,77
-10.8712,-77.5308,14.0,7,7,7,7
45.9147,22.8148,-41.0,126,106,95,78
30.962,46.104,-31.0,89,75,40,32
13.783,104.5372,-13.0,127,107,96,18
14.9232,-92.18,23.0,98,82,74,16
40.0992,-8.4949,-33.0,100,84,76,57
40.1663,-6.1008,-34.0,128,108,97,79
-7.077,-79.684,15.0,129,109,15,8
18.1067,-89.8116,23.0,130,110,25,16
26.5547,31.6199,-31.0,44,37,33,26
-2.5398,-78.8749,15.0,131,111,98,80
38.4823,22.5013,-36.0,132,112,99,81
34.375,108.685,-11.0,51,12,12,11
37.385,27.2563,-35.0,133,113,100,82
-11.953,-77.1186,13.5,9,8,8,7
44.7057,8.8671,-40.0,134,114,101,83
36.3871,10.1312,-34.0,135,115,102,60
16.8988,-92.0103,23.0,110,91,66,16
20.173,-89.579,23.0,26,24,22,16
17.7647,-88.6531,22.0,31,28,25,16
32.6382,14.292,-32.0,91,77,69,56
19.5521,-97.4897,25.0,46,41,37,21
19.5517,-97.4868,25.0,46,41,37,21
16.3952,-90.2044,22.0,59,50,25,16
-9.9311,-76.2796,13.0,136,116,103,6
35.1157,40.2663,-32.0,137,117,104,84
19.0008,-99.1014,25.0,138,29,26,21
35.4857,6.4637,-32.0,139,118,105,85
42.0031,12.0996,-37.0,140,119,106,72
42.0799,13.4113,-37.0,141,120,107,86
21.1659,94.8602,-16.0,17,15,14,13
19.269,-103.7252,26.0,115,96,85,69
-13.5091,-71.9828,11.0,11,4,4,4
-13.5077,-71.9822,11.0,11,4,4,4
18.2789,-93.2009,23.0,116,97,86,70
29.3838,67.616,-25.0,74,64,57,46
18.5603,-89.94535,22.0,142,121,25,16
24.0845,32.8861,-29.0,64,55,48,39
20.681,-88.57,22.0,105,88,22,16
41.123,75.7,-24.0,143,122,108,87
-9.594,-77.176,13.0,144,123,103,6
19.5957,-90.2306,22.0,145,124,22,16
20.3596,-89.7714,22.0,26,24,22,16
33.2527,35.7147,-31.0,58,49,44,35
19.0575,-98.3019,24.0,146,125,26,21
17.0036,-96.5566,23.0,114,95,84,68
21.092,-89.6006,22.0,87,24,22,16
18.6386,-88.7594,21.0,75,32,25,16
20.2146,-87.4289,21.0,27,25,22,16
37.925,29.1258,-33.0,147,126,109,88
30.7944,34.7735,-30.0,73,63,56,35
19.2929,-103.7054,25.0,115,96,85,69
19.5525,-99.1733,24.0,32,29,26,21
13.8025,-89.3875,20.0,77,66,59,48
-6.4521,-79.8024,13.0,18,16,15,8
37.655,62.1525,-27.0,148,127,110,89
18.278,-93.20058,22.0,116,97,86,70
38.1528,24.2635,-33.0,149,128,111,90
40.0194,34.6144,-33.0,150,129,112,52
32.3252,35.7273,-30.0,102,49,44,35
20.681,-88.57,21.0,105,88,22,16
-9.4886,-78.2588,13.0,6,6,6,6
36.5946,2.4439,-30.0,151,130,113,91
32.6829,35.6018,-30.0,102,49,44,35
35.4597,43.2612,-30.0,65,56,49,30
32.53,44.4262,-29.0,42,38,34,27
16.9022,-92.0095,21.0,110,91,66,16
22.4579,-102.8216,25.0,43,39,35,28
17.7642,-88.347,20.0,152,28,25,16
38.0366,-3.6252,-29.0,119,100,89,73
30.835,46.332,-28.0,153,75,40,32
10.7825,79.1315,-20.0,154,131,114,92
10.7826,79.1318,-20.0,154,131,114,92
21.1858,94.8936,-15.0,17,15,14,13
20.3583,-89.772,21.0,26,24,22,16
18.8054,-99.2967,23.0,138,29,26,21
19.0013,-88.2304,20.0,108,90,25,16
39.8014,98.2158,-14.5,155,132,115,93
13.981,-89.1626,19.0,156,66,59,48
34.375,108.698,-10.0,51,12,12,11
17.756,-89.921,20.0,157,110,25,16
24.0857,32.8862,-27.0,64,55,48,39
32.5433,44.4229,-27.0,42,38,34,27
34.8055,48.5164,-28.0,158,133,116,94
20.681,-88.57,20.0,105,88,22,16
-13.4142,-71.8439,10.0,11,4,4,4
19.5003,-89.7836,20.0,159,124,22,16
20.1728,-89.3455,20.0,26,24,22,16
-13.5024,-76.045,11.5,5,5,5,5
29.5177,30.9033,-28.0,160,134,93,43
36.359,43.153,-29.0,161,135,49,30
13.1629,75.8604,-20.0,162,136,117,95
33.9074,35.9489,-29.0,163,137,44,35
22.4592,-102.8233,24.0,43,39,35,28
16.9015,-92.0098,20.0,110,91,66,16
20.1742,-89.6062,20.0,26,24,22,16
36.5214,34.1258,-30.0,81,69,62,51
36.5214,34.1258,-30.0,81,69,62,51
17.4841,-92.0462,20.0,85,73,66,16
-6.4728,-79.7943,13.0,18,16,15,8
36.2674,29.3178,-30.0,164,138,118,96
16.958,-96.45,21.0,114,95,84,68
14.8744,-90.6632,19.0,28,20,18,16
20.5,-86.8453,19.0,165,139,22,16
40.806,14.3482,-32.0,125,105,94,77
34.3411,43.8236,-28.0,166,140,119,97
31.7445,45.8747,-27.0,72,44,40,32
31.5623,46.1809,-27.0,72,44,40,32
16.5136,-90.0613,19.0,59,50,25,16
32.4496,35.6156,-28.0,102,49,44,35
32.3252,35.7273,-28.0,102,49,44,35
38.7207,-9.3228,-25.0,167,141,120,98
37.9976,-7.9496,-25.0,112,93,82,57
37.9718,23.7197,-30.0,168,142,111,90
21.179,94.8924,-14.0,17,15,14,13
20.3595,-89.7711,19.0,26,24,22,16
20.2487,-89.6466,19.0,26,24,22,16
20.6298,-89.4614,19.0,169,24,22,16
18.8056,-99.2963,21.0,138,29,26,21
17.4841,-92.0462,19.0,85,73,66,16
35.6712,36.5694,-28.0,83,71,64,44
34.0747,-5.5552,-23.0,86,74,67,54
37.3773,27.6702,-29.0,170,113,100,82
39.0619,-7.4893,-25.0,171,78,70,57
35.4591,43.2602,-27.0,65,56,49,30
14.9233,-92.1801,18.0,98,82,74,16
36.5231,34.1233,-28.0,81,69,62,51
36.3966,30.473,-28.0,172,143,118,96
41.0116,21.3425,-30.0,173,144,121,99
37.08,-8.1204,-23.0,84,72,65,53
13.979,-89.674,17.0,174,66,59,48
20.681,-88.57,18.0,105,88,22,16
20.1744,-89.6091,18.0,26,24,22,16
17.0038,-96.557,19.0,114,95,84,68
21.091,-89.59,18.0,87,24,22,16
34.7498,40.7289,-26.0,175,145,104,84
18.6384,-88.7587,17.0,75,32,25,16
32.6375,14.2943,-25.0,91,77,69,56
36.2591,29.9852,-27.0,176,143,118,96
24.0856,32.8855,-15.0,64,55,48,39
33.484,44.728,-25.0,106,48,34,27
21.1834,94.8919,-13.0,17,15,14,13
20.681,-88.57,17.0,105,88,22,16
32.105,34.93,-25.0,177,49,44,35
37.9978,-7.9494,-22.0,112,93,82,57
32.4505,35.6178,-25.0,102,49,44,35
16.5136,-90.0613,16.5,59,50,25,16
-13.4949,-76.0374,10.0,5,5,5,5
19.5958,-90.2297,17.0,145,124,22,16
20.3614,-89.771,17.0,26,24,22,16
37.8695,12.4652,-26.0,178,146,122,100
17.0033,-96.5577,18.0,114,95,84,68
19.2084,72.9058,-18.0,179,147,123,101
40.1537,44.4461,-26.0,67,58,51,41
22.4573,-102.8217,20.0,43,39,35,28
17.3103,-89.2592,16.0,180,148,25,16
-6.5121,-79.8394,11.0,18,16,15,8
-13.6526,-73.9555,9.0,181,149,124,102
32.3252,35.7273,-24.0,102,49,44,35
18.516,-89.4665,16.0,182,121,25,16
38.0359,-3.6236,-22.0,119,100,89,73
38.3527,43.4602,-25.0,183,79,71,58
20.681,-88.57,16.0,105,88,22,16
19.5004,-89.7837,16.0,159,124,22,16
29.5177,30.9033,-23.0,160,134,93,43
41.123,75.7,-19.0,143,122,108,87
36.06,-107.97,24.0,184,150,125,103
20.171,-89.5786,16.0,26,24,22,16
39.4905,26.3369,-26.0,185,151,126,104
19.1075,-99.5968,18.0,186,29,26,21
17.4849,-91.5705,16.0,187,152,66,16
19.5981,-90.2304,16.0,145,124,22,16
20.6344,-89.4433,16.0,169,24,22,16
40.0812,44.0345,-25.0,188,58,51,41
38.7304,-9.4438,-20.0,167,141,120,98
20.0643,-99.341,18.0,189,153,26,21
17.7643,-88.3478,15.0,152,28,25,16
20.4474,-97.3787,17.5,40,36,32,21
32.1056,34.9309,-23.0,177,49,44,35
19.0017,-88.2336,15.0,108,90,25,16
18.2797,-93.2014,16.0,116,97,86,70
18.6385,-88.7578,15.0,75,32,25,16
21.0911,-89.5979,15.5,87,24,22,16
31.1821,29.89625,-22.5,190,154,127,43
39.0622,-7.4885,-20.0,171,78,70,57
18.1067,-89.8116,15.0,130,110,25,16
40.7492,14.4844,-25.0,125,105,94,77
14.9239,-92.1797,15.0,98,82,74,16
20.681,-88.57,15.0,105,88,22,16
36.359,43.153,-23.0,161,135,49,30
38.3533,43.4613,-23.5,183,79,71,58
34.34,108.562,-8.0,51,12,12,11
34.338,108.57,-8.0,51,12,12,11
34.363,108.631,-8.0,51,12,12,11
34.362,108.64,-8.0,51,12,12,11
20.172,-89.3443,15.0,26,24,22,16
37.8471,34.6109,-24.0,191,155,128,105
20.6954,-103.8384,18.0,192,156,129,106
20.6948,-103.8362,18.0,192,156,129,106
19.1077,-99.5962,17.0,186,29,26,21
19.532,-99.168,17.0,32,29,26,21
18.1205,-90.8371,15.0,193,157,66,16
20.2488,-89.6487,15.0,26,24,22,16
20.9373,-89.0166,15.0,194,24,22,16
38.0146,27.472,-24.0,195,113,100,82
17.4841,-92.0462,15.0,85,73,66,16
20.6304,-89.4602,15.0,169,24,22,16
21.3131,-89.3539,15.0,196,24,22,16
38.4823,22.5013,-24.0,132,112,99,81
34.571,108.266,-8.0,14,12,12,11
17.768,-91.2995,14.0,197,152,66,16
-6.4064,-79.8995,10.0,18,16,15,8
-6.5175,-79.8446,10.0,18,16,15,8
32.4505,35.6146,-22.0,102,49,44,35
32.3252,35.7273,-22.0,102,49,44,35
18.1067,-89.8116,14.5,130,110,25,16
47.595,-3.0742,-25.0,198,158,130,107
29.3833,67.614,-18.0,74,64,57,46
37.0803,-8.1209,-18.0,84,72,65,53
19.0013,-88.2304,14.0,108,90,25,16
24.0845,32.8861,-20.0,64,55,48,39
43.518,67.7743,-20.0,36,33,29,24
20.0642,-99.3404,16.5,189,153,26,21
14.8728,-90.6641,14.0,28,20,18,16
20.178,-89.6525,14.5,26,24,22,16
20.2481,-89.6467,14.5,26,24,22,16
40.081,44.034,-23.0,188,58,51,41
37.3741,27.6751,-23.0,170,113,100,82
36.6054,2.1905,-20.0,151,130,113,91
37.6598,27.2978,-23.0,199,113,100,82
30.7971,34.7756,-21.0,73,63,56,35
32.536,44.4268,-21.0,42,38,34,27
-10.8431,-77.5966,9.0,7,7,7,7
21.1839,94.8819,-11.0,17,15,14,13
18.8046,-99.2964,16.0,138,29,26,21
20.681,-88.57,14.0,105,88,22,16
45.9151,22.8158,-26.0,126,106,95,78
18.1205,-90.837,14.0,193,157,66,16
19.4999,-89.784,14.0,159,124,22,16
20.6348,-89.4431,14.0,169,24,22,16
20.1701,-89.3448,14.0,26,24,22,16
13.9806,-89.1642,13.0,156,66,59,48
17.4841,-92.0462,14.0,85,73,66,16
20.5618,-89.9528,14.0,200,24,22,16
21.091,-89.59,14.0,87,24,22,16
14.8415,-89.1421,13.0,201,159,131,48
37.9812,38.7416,-22.0,202,160,132,108
35.4536,43.2656,-21.0,65,56,49,30
29.9352,52.8896,-19.0,50,43,39,31
18.1067,-89.8116,13.5,130,110,25,16
13.9894,-89.6725,13.0,174,66,59,48
29.5951,30.6779,-20.0,160,134,93,43
24.0262,32.8846,-19.0,64,55,48,39
40.1531,44.4529,-22.0,67,58,51,41
38.7211,-9.3232,-17.0,167,141,120,98
19.692,-98.844,15.5,32,29,26,21
19.6698,-96.4157,15.0,63,54,27,22
-14.818,-75.1145,8.0,121,102,91,75
20.0635,-99.3421,15.5,189,153,26,21
38.0372,-3.6245,-18.0,119,100,89,73
30.9748,31.8808,-20.0,203,104,93,43
19.2084,72.9058,-15.0,179,147,123,101
19.5515,-97.4857,15.0,46,41,37,21
18.28,-93.2018,14.0,116,97,86,70
17.7684,-91.2985,13.5,197,152,66,16
14.8743,-90.6625,13.0,28,20,18,16
19.597,-90.229,13.5,145,124,22,16
20.2489,-89.6438,13.5,26,24,22,16
20.1712,-89.5783,13.5,26,24,22,16
20.1723,-89.5774,13.0,26,24,22,16
31.1965,30.7447,-20.0,69,60,53,43
31.6083,34.8947,-20.0,204,49,44,35
13.7787,104.5395,-8.0,127,107,96,18
20.4457,-97.3771,15.0,40,36,32,21
21.0911,-89.5899,13.5,87,24,22,16
21.3138,-89.3539,13.5,196,24,22,16
35.4835,6.4664,-19.0,139,118,105,85
40.7485,14.4837,-22.0,125,105,94,77
15.0233,-91.1717,13.0,205,20,18,16
18.5107,-89.4065,13.0,182,121,25,16
40.0031,3.8916,-20.0,206,161,133,109
18.805,-99.2974,15.0,138,29,26,21
18.506,-89.4853,13.0,182,121,25,16
18.5165,-89.46685,13.0,182,121,25,16
-6.5107,-79.8393,9.0,18,16,15,8
-6.4659,-79.7975,9.0,18,16,15,8
47.588,-3.073,-17.5,198,158,130,107
33.2496,35.6518,-20.0,58,49,44,35
19.1084,-99.596,15.0,186,29,26,21
20.0652,-99.3401,15.0,189,153,26,21
16.8993,-90.9655,13.0,24,22,20,16
19.578,-89.5948,13.0,159,124,22,16
20.681,-88.57,13.0,105,88,22,16
-9.4808,-78.2589,8.5,6,6,6,6
-9.4807,-78.2589,8.5,6,6,6,6
-9.4824,-78.2529,8.5,6,6,6,6
9.9195,78.1193,-13.5,207,162,134,92
20.248,-89.6473,13.0,26,24,22,16
21.3135,-89.3537,13.0,196,24,22,16
17.4841,-92.0462,13.0,85,73,66,16
21.1809,94.8824,-10.0,17,15,14,13
19.2928,-103.7048,15.0,115,96,85,69
21.0619,-86.7814,12.0,208,163,22,16
17.0707,-89.4,12.0,180,148,25,16
16.5136,-90.0613,12.0,59,50,25,16
17.222,-89.6276,12.0,180,148,25,16
37.8701,12.4668,-19.0,178,146,122,100
29.5177,30.9033,-18.0,160,134,93,43
39.7455,20.0205,-20.0,209,164,135,110
20.2484,-89.6464,12.0,26,24,22,16
20.6293,-89.4603,12.0,169,24,22,16
16.764,-89.1176,11.5,210,148,25,16
42.4109,11.2863,-20.0,118,99,88,72
22.4552,-102.821,14.5,43,39,35,28
20.3601,-89.771,12.0,26,24,22,16
20.8133,-89.4524,12.0,169,24,22,16
36.4541,33.9156,-19.0,81,69,62,51
36.5231,34.1233,-19.0,81,69,62,51
19.447,-96.4056,13.0,63,54,27,22
17.4841,-92.0462,12.0,85,73,66,16
17.2222,-89.6242,11.5,180,148,25,16
38.7083,43.21155,-19.0,211,79,71,58
38.3522,43.4576,-19.0,183,79,71,58
20.0633,-99.3404,13.5,189,153,26,21
18.5164,-89.4661,11.5,182,121,25,16
-14.8183,-75.1165,7.0,121,102,91,75
18.1067,-89.8116,11.5,130,110,25,16
20.6955,-103.838,14.0,192,156,129,106
20.4452,-97.3777,13.0,40,36,32,21
32.931,-96.46,15.0,212,165,136,111
16.282,-88.9593,11.0,213,166,25,16
47.5925,-3.083,-18.5,198,158,130,107
29.5177,30.9033,-17.0,160,134,93,43
40.1124,44.7303,-19.0,67,58,51,41
17.7679,-88.6527,11.0,31,28,25,16
17.7646,-88.348,11.0,152,28,25,16
36.2596,42.4516,-18.0,214,167,49,30
19.1088,-99.5982,13.0,186,29,26,21
14.8724,-90.6638,11.0,28,20,18,16
18.4178,-88.7907,11.0,75,32,25,16
18.6609,-88.7674,11.0,75,32,25,16
-13.451,-76.17,7.0,5,5,5,5
32.5422,44.4211,-17.0,42,38,34,27
17.2191,-89.62,11.0,180,148,25,16
-13.4142,-71.8439,6.0,11,4,4,4
21.1807,94.8957,-9.0,17,15,14,13
18.518,-89.468,11.0,182,121,25,16
20.8907,-88.13605,11.0,215,168,22,16
42.008,61.1576,-17.0,216,169,137,112
22.5237,72.2485,-13.0,217,170,138,113
31.9128,35.7518,-17.0,218,49,44,35
18.1067,-89.8116,11.0,130,110,25,16
20.681,-88.57,11.0,105,88,22,16
40.098,-8.495,-14.0,100,84,76,57
13.1629,75.8604,-12.0,162,136,117,95
15.3325,76.4596,-12.0,219,171,139,114
20.4479,-97.3772,12.5,40,36,32,21
17.0468,-96.7637,12.0,114,95,84,68
16.8992,-90.96545,11.0,24,22,20,16
37.9703,23.7278,-18.0,168,142,111,90
20.3586,-89.7727,11.0,26,24,22,16
34.0736,-5.5554,-13.0,86,74,67,54
19.6696,-96.4145,12.0,63,54,27,22
19.4466,-96.4056,12.0,63,54,27,22
17.7705,-91.2977,11.0,197,152,66,16
21.0913,-89.5978,11.0,87,24,22,16
21.3136,-89.354,11.0,196,24,22,16
17.4841,-92.0462,11.0,85,73,66,16
29.5177,30.9033,-16.0,160,134,93,43
45.9151,22.8163,-20.0,126,106,95,78
20.4479,-97.3772,12.0,40,36,32,21
-9.5376,-77.9943,7.0,220,6,6,6
32.5363,44.4208,-16.0,42,38,34,27
38.5019,-8.0282,-13.0,221,172,82,57
19.1097,-99.599,12.0,186,29,26,21
18.804,-99.2955,12.0,138,29,26,21
19.3438,-99.0898,12.0,32,29,26,21
13.9884,-89.6732,10.0,174,66,59,48
-9.4838,-78.2599,7.0,6,6,6,6
33.484,44.728,-16.0,106,48,34,27
29.9885,52.874,-15.0,50,43,39,31
40.7494,14.4855,-17.0,125,105,94,77
38.0148,27.4716,-17.0,195,113,100,82
37.6534,62.1528,-15.0,148,127,110,89
18.4193,-88.7916,10.0,75,32,25,16
27.7815,30.8041,-15.0,222,173,140,115
33.5671,35.371,-16.0,223,49,44,35
16.927,-96.3595,11.0,114,95,84,68
18.5167,-89.4664,10.0,182,121,25,16
36.4222,9.2183,-15.0,97,81,73,60
33.8947,35.9624,-16.0,163,137,44,35
17.756,-89.921,10.0,157,110,25,16
18.6065,-89.8462,10.0,142,121,25,16
20.681,-88.57,10.0,105,88,22,16
-14.8188,-75.1166,6.0,121,102,91,75
36.8739,31.4753,-16.5,224,174,141,116
34.9305,36.2453,-16.0,225,175,142,44
21.0907,-89.5966,7.0,87,24,22,16
20.1693,-89.3391,10.0,26,24,22,16
12.55,105.073,-6.0,226,176,21,18
17.769,-91.2984,10.0,197,152,66,16
20.3608,-89.7696,10.0,26,24,22,16
20.1714,-89.5788,10.0,26,24,22,16
20.6295,-89.4598,10.0,169,24,22,16
20.9475,-89.2995,10.0,169,24,22,16
30.9462,29.5186,-15.0,227,154,127,43
27.7828,30.8015,-14.5,222,173,140,115
36.6673,41.0602,-16.0,228,177,143,117
31.7443,45.8731,-15.0,72,44,40,32
20.5612,-89.9521,10.0,200,24,22,16
33.8947,35.9636,-15.5,163,137,44,35
21.1854,94.8821,-8.0,17,15,14,13
19.5521,-97.4875,11.0,46,41,37,21
17.4841,-92.0462,10.0,85,73,66,16
17.222,-89.623,9.5,180,148,25,16
38.1528,24.2635,-16.0,149,128,111,90
44.5928,33.8009,-18.0,101,85,77,62
38.3524,43.4594,-16.0,183,79,71,58
8.011,80.513,-10.0,229,86,78,63
19.2451,-98.3508,11.0,146,125,26,21
37.2898,13.5905,-15.0,230,178,144,100
13.442,103.959,-6.0,231,107,96,18
33.9073,35.9484,-15.0,163,137,44,35
36.605,47.235,-15.0,232,179,145,118
36.6052,47.2347,-15.0,232,179,145,118
17.0458,-96.7676,10.0,114,95,84,68
38.3542,43.4654,-15.0,183,79,71,58
54.9911,-2.3601,-18.0,233,180,146,119
45.9153,22.8162,-17.0,126,106,95,78
32.4503,35.6137,-14.0,102,49,44,35
41.2966,16.1514,-15.0,234,89,80,65
19.0562,-98.3028,10.0,146,125,26,21
20.4463,-97.377,9.5,40,36,32,21
34.007,36.2045,-15.0,163,137,44,35
19.4512,-99.1374,10.0,32,29,26,21
31.9128,35.7519,-13.5,218,49,44,35
20.4363,30.3341,-12.0,235,181,147,120
34.073,-5.5551,-10.0,86,74,67,54
34.007,36.204,-13.5,163,137,44,35
37.291,13.5814,-13.0,230,178,144,100
21.1779,94.8747,-7.0,17,15,14,13
20.5613,-89.9527,8.5,200,24,22,16
-16.5615,-68.68,4.0,236,182,148,121
39.4882,26.3378,-14.0,185,151,126,104
15.8773,78.1353,-9.0,237,183,149,122
17.0447,-96.7676,9.0,114,95,84,68
17.0758,-89.4025,8.0,180,148,25,16
16.5136,-90.0613,8.0,59,50,25,16
18.5107,-89.4065,8.0,182,121,25,16
20.891,-88.13628,8.0,215,168,22,16
20.681,-88.57,8.0,105,88,22,16
20.4465,-97.3775,9.0,40,36,32,21
29.5177,30.9033,-12.0,160,134,93,43
17.769,-91.296,8.0,197,152,66,16
21.0904,-89.5974,8.0,87,24,22,16
40.75,14.4845,-13.0,125,105,94,77
29.8756,31.2217,-12.0,238,134,93,43
37.2908,13.5842,-12.0,230,178,144,100
13.43,103.898,-5.0,231,107,96,18
32.5446,44.4219,-12.0,42,38,34,27
-10.8416,-77.5971,5.0,7,7,7,7
24.453,32.9277,-11.0,239,55,48,39
34.0016,35.8052,-12.0,163,137,44,35
33.9133,35.9906,-12.0,163,137,44,35
39.4529,-8.528,-9.0,240,184,76,57
22.4572,-102.821,9.0,43,39,35,28
17.0455,-96.7674,8.0,114,95,84,68
35.5958,36.0572,-12.0,241,71,64,44
19.4474,-96.4054,8.0,63,54,27,22
-13.4142,-71.8439,4.0,11,4,4,4
17.4776,44.1799,-10.0,242,185,150,123
16.5136,-90.0613,7.0,59,50,25,16
-16.5614,-68.6798,3.5,236,182,148,121
21.178,94.8751,-6.0,17,15,14,13
-16.5615,-68.68,3.5,236,182,148,121
16.0206,75.8819,-8.0,243,186,151,114
-6.4709,-79.7922,7.0,18,16,15,8
31.7764,35.235,-11.0,244,49,44,35
19.4512,-99.1377,8.0,32,29,26,21
34.0731,-5.5546,-8.0,86,74,67,54
41.0128,24.2866,-12.0,245,187,152,124
30.5751,31.5144,-10.5,246,104,93,43
18.419,-88.7906,6.5,75,32,25,16
37.9713,23.7265,-11.0,168,142,111,90
42.5122,24.5469,-12.0,247,101,90,74
-13.6527,-73.955,4.0,181,149,124,102
18.5179,-89.4664,6.5,182,121,25,16
29.9328,31.1612,-10.0,238,134,93,43
29.8658,31.2132,-10.0,238,134,93,43
17.0434,-96.769,7.0,114,95,84,68
17.7638,-88.3467,6.0,152,28,25,16
34.5516,40.8875,-10.0,248,145,104,84
20.446,-97.3782,7.0,40,36,32,21
16.5136,-90.0613,6.0,59,50,25,16
17.2196,-89.6259,6.0,180,148,25,16
-13.4512,-76.1692,4.0,5,5,5,5
19.435,-99.1314,7.0,32,29,26,21
17.6828,-89.8331,6.0,157,110,25,16
21.9228,-98.8152,7.0,249,188,153,125
20.6293,-89.4608,6.0,169,24,22,16
37.925,29.1258,-10.0,147,126,109,88
38.3534,43.4626,-10.0,183,79,71,58
21.1779,94.8746,-5.0,17,15,14,13
41.4495,23.2625,-10.0,250,189,154,124
22.4577,-102.8207,7.0,43,39,35,28
19.4349,-99.1314,6.5,32,29,26,21
17.4853,-91.57,6.0,187,152,66,16
20.9471,-89.3006,5.5,169,24,22,16
30.629,72.864,-7.0,251,190,155,126
-13.4142,-71.8439,3.0,11,4,4,4
45.9153,22.8167,-10.0,126,106,95,78
37.8704,12.4688,-8.0,178,146,122,100
37.2913,13.5815,-8.0,230,178,144,100
21.9262,-98.8133,6.0,249,188,153,125
17.176,-89.4051,5.0,180,148,25,16
19.0018,-88.2304,5.0,108,90,25,16
16.5136,-90.0613,5.0,59,50,25,16
20.681,-88.57,5.0,105,88,22,16
34.5515,40.8884,-8.0,248,145,104,84
19.2449,-98.3495,5.5,146,125,26,21
36.5138,30.0597,-8.0,252,143,118,96
21.1777,94.864,-4.0,17,15,14,13
13.463,103.895,-3.0,231,107,96,18
13.4465,103.92,-3.0,231,107,96,18
11.1845,104.825,-3.0,253,191,156,127
40.081,44.0332,-8.0,188,58,51,41
10.37,78.8512,-5.0,254,192,114,92
19.4972,-98.8176,5.0,32,29,26,21
19.245,-98.35,5.0,146,125,26,21
15.3325,76.4596,-5.0,219,171,139,114
36.1011,43.327,-7.0,255,135,49,30
17.2207,-89.628,4.0,180,148,25,16
16.5736,-89.4111,4.0,256,148,25,16
32.6352,14.2914,-6.0,91,77,69,56
36.06,-107.97,6.0,184,150,125,103
21.0911,-89.5909,4.0,87,24,22,16
19.2442,-98.3507,4.5,146,125,26,21
-16.556,-68.6735,2.0,236,182,148,121
-16.5558,-68.6732,2.0,236,182,148,121
37.9415,12.8325,-6.0,257,146,122,100
20.5515,-100.444,4.5,258,193,157,128
13.435,103.889,-2.5,231,107,96,18
17.0446,-96.7683,4.0,114,95,84,68
17.0429,-96.7681,4.0,114,95,84,68
19.4473,-96.4035,4.0,63,54,27,22
33.3032,44.5844,-6.0,106,48,34,27
-11.1871,-77.5885,2.5,7,7,7,7
21.1657,94.8626,-3.0,17,15,14,13
37.8702,12.4698,-5.0,178,146,122,100
34.4026,108.772545,-2.0,51,12,12,11
51.4085,-1.851,-5.0,259,194,158,129
35.49,6.2549,-4.0,139,118,105,85
35.4848,6.4688,-4.0,139,118,105,85
37.2929,13.5788,-4.0,230,178,144,100
18.0989,79.8073,-3.0,260,195,159,130
17.2251,-89.6189,2.5,180,148,25,16
40.0384,-8.4577,-3.0,100,84,76,57
20.9468,-89.3018,2.5,169,24,22,16
21.1867,94.8984,-2.0,17,15,14,13
16.5136,-90.0613,2.0,59,50,25,16
18.5069,-89.4862,2.0,182,121,25,16
18.9305,-99.222,2.0,138,29,26,21
36.2589,42.4479,-3.0,214,167,49,30
22.5222,72.2492,-2.0,217,170,138,113
13.4336,103.877,-1.0,231,107,96,18
13.435,103.9205,-1.0,231,107,96,18
13.475,104.228,-1.0,261,107,96,18
29.3826,31.0535,-2.0,160,134,93,43
26.8091,33.4869,-2.0,262,196,160,131
35.4847,6.4668,-1.5,139,118,105,85
21.1811,94.8697,-1.0,17,15,14,13
22.0509,96.0175,-1.0,263,197,161,132
21.0911,-89.5917,1.0,87,24,22,16
17.0792,-89.4027,1.0,180,148,25,16
33.044,35.414,-1.5,58,49,44,35
18.9301,-99.2224,1.0,138,29,26,21
13.4253,103.8582,-0.5,231,107,96,18
30.0321,31.0748,-1.0,238,134,93,43
32.2737,35.8906,-1.0,102,49,44,35
32.2722,35.8913,-1.0,102,49,44,35
29.114,58.3694,-1.0,264,198,162,133
35.629,38.7581,-1.0,265,199,163,134
21.091,-89.59,0.5,87,24,22,16
10.863,78.69,-0.399999999999977,266,131,114,92
13.434,103.8,-0.199999999999989,231,107,96,18
13.4235,103.856,-0.199999999999989,231,107,96,18
13.344,103.973,-0.199999999999989,231,107,96,18
13.336,103.974,-0.199999999999989,231,107,96,18
19.8875,86.0945,-0.199999999999989,267,200,164,135
13.4125,103.867,-0.100000000000023,231,107,96,18
20.4476,-97.3779,0.0,40,36,32,21
20.8907,-88.13605,0.1,215,168,22,16
20.8924,-88.136,0.1,215,168,22,16
40.0991,-8.4935,-0.100000000000023,100,84,76,57
36.06,-107.97,0.0,184,150,125,103
18.8033,-99.2963,0.0,138,29,26,21
19.4973,-98.8181,0.0,32,29,26,21
21.9253,-98.8132,0.0,249,188,153,125
19.2445,-98.3379,0.0,146,125,26,21
20.75,-97.6333,-1.0,268,36,32,21
19.5538,-97.4909,0.0,46,41,37,21
19.4477,-96.4014,-1.0,63,54,27,22
17.4841,-92.0462,0.0,85,73,66,16
15.0239,-91.1718,0.0,205,20,18,16
14.8741,-90.6625,0.1,28,20,18,16
16.5136,-90.0613,0.0,59,50,25,16
20.5604,-89.9538,0.0,200,24,22,16
17.6828,-89.8331,0.0,157,110,25,16
18.1067,-89.8116,0.0,130,110,25,16
21.091,-89.59,0.0,87,24,22,16
18.5096,-89.4888,0.0,182,121,25,16
17.176,-89.4051,0.0,180,148,25,16
17.1335,-89.262,0.1,180,148,25,16
17.3103,-89.2592,0.0,180,148,25,16
17.2567,-89.1553,0.0,180,148,25,16
14.8373,-89.1415,0.0,201,159,131,48
20.681,-88.57,0.0,105,88,22,16
0.3224,-78.1218,0.0,269,10,10,9
-11.0239,-77.6338,0.0,7,7,7,7
-9.8754,-76.8164,0.0,270,201,103,6
-13.5077,-71.9822,0.0,11,4,4,4
36.4222,9.2183,0.0,97,81,73,60
37.2896,13.592,0.0,230,178,144,100
37.1777,21.9189,1.0,271,202,165,136
43.3743,23.7293,0.0,272,203,166,137
41.7215,27.2262,0.0,273,204,167,138
37.6591,27.2982,0.0,199,113,100,82
36.2631,29.3177,0.0,164,138,118,96
29.976,31.133,-0.0500000000000114,238,134,93,43
29.3883,31.1572,0.0,160,134,93,43
29.904,31.1938,0.0,238,134,93,43
29.8976,31.2033,0.0,238,134,93,43
29.8086,31.2064,1.0,238,134,93,43
29.7902,31.2094,1.0,238,134,93,43
29.8544,31.2191,0.0,238,134,93,43
29.5601,31.2213,0.0,160,134,93,43
24.0252,32.8846,0.0,64,55,48,39
36.5231,34.1233,0.0,81,69,62,51
31.8327,35.1802,0.0,244,49,44,35
31.316,35.353,-0.100000000000023,274,49,44,35
39.495,35.3766,0.0,82,70,63,52
31.7417,35.4596,0.0,244,49,44,35
32.5955,35.5215,-0.100000000000023,102,49,44,35
34.1199,35.6464,0.0,163,137,44,35
36.8638,39.0305,0.0,2,2,2,2
34.5522,40.888,0.0,248,145,104,84
35.4561,43.2576,0.0,65,56,49,30
36.097,43.3303,0.0,255,135,49,30
33.0609,44.2557,0.0,57,48,34,27
32.5422,44.4211,0.0,42,38,34,27
30.5954,61.3263,0.0,23,21,19,17
30.629,72.864,0.0,251,190,155,126
19.2084,72.9058,0.0,179,147,123,101
16.0206,75.8819,0.0,243,186,151,114
15.3325,76.4596,0.0,219,171,139,114
8.4827,76.9438,-0.5,275,205,168,139
23.5285,77.8012,0.0,276,206,169,140
17.9611,79.6145,0.0,277,195,159,130
17.9564,79.6154,0.0,277,195,159,130
27.484,83.273,0.9,278,207,170,141
21.1768,94.8744,0.0,17,15,14,13
21.1841,94.8818,0.0,17,15,14,13
34.2878,108.02289,0.0,279,12,12,11
34.3977,108.712421,0.0,51,12,12,11
34.3903,108.739114,0.0,51,12,12,11
34.4008,108.764606,0.0,51,12,12,11
34.4438,108.940784,0.0,51,12,12,11
34.4462,108.9475,0.0,51,12,12,11
34.1789,109.028396,0.0,280,12,12,11
34.1273,109.055786,0.0,280,12,12,11
34.3812,109.254012,1.0,281,12,12,11
-7.608,110.204,-0.00999999999999091,282,208,171,142
-7.7521,110.4914,0.0,283,208,171,142
34.6327,112.81109,0.0,284,62,55,45
40.3777,-7.3425,-45.0,285,209,172,143
